TransactionID,SaleDate,CustomerID,ProductID,StoreID,CampaignID,SaleAmount,DiscountPercent,PaymentMethod
1,2025-05-04,1034,2059,402,0,2048.2,150.0,PayPal
2,2025-05-04,1066,2048,403,1,321.87,11.82,Credit Card
4,2025-05-04,1071,2096,404,2,1613.23,29.53,GiftCard
5,2025-05-04,1020,2060,401,0,408.38,14.18,Credit Card
6,2025-05-04,1089,2028,401,0,1275.88,5.69,Credit Card
7,2025-05-04,1193,2003,402,1,346.66,3.27,GiftCard
8,2025-05-04,1005,2079,402,1,855.49,11.82,Credit Card
9,2025-05-04,1032,2060,401,1,735.08,1.67,PayPal
10,2025-05-04,1119,2089,403,2,661.63,15.04,Credit Card
13,2025-05-04,1147,2086,404,3,4470.5,19.52,GiftCard
14,2025-05-04,1183,2025,401,1,503.32,7.58,GiftCard
15,2025-05-04,1026,2089,403,0,413.52,27.39,Wiretransfer
16,2025-05-04,1144,2005,403,3,1715.12,17.8,Credit Card
17,2025-05-04,1169,2047,401,2,535.97,24.65,Credit Card
18,2025-05-04,1003,2053,404,0,3660.9,0.84,Credit Card
19,2025-05-04,1110,2046,404,1,30.09,25.73,GiftCard
20,2025-05-04,1111,2022,403,3,671.18,18.83,PayPal
22,2025-05-04,1062,2011,403,3,1229.22,2.52,Credit Card
25,2025-05-04,1046,2062,402,2,1981.95,27.51,PayPal
26,2025-05-04,1066,2043,403,2,698.76,6.9,Wiretransfer
27,2025-05-04,1142,2001,402,0,1237.05,20.75,Credit Card
28,2025-05-04,1061,2092,404,3,482.21,3.37,PayPal
29,2025-05-04,1142,2097,402,3,4210.5,13.22,PayPal
30,2025-05-04,1165,2091,404,3,4528.95,26.21,Credit Card
31,2023-13-01,1004,2011,403,1,737.53,11.71,PayPal
34,2025-05-04,1141,2067,403,3,872.85,15.75,Wiretransfer
35,2025-05-04,1190,2070,403,2,54.69,14.79,PayPal
36,2025-05-04,1179,2058,403,2,1066.8,1.55,GiftCard
37,2025-05-04,1064,2029,401,1,12.16,24.55,GiftCard
38,2025-05-04,1080,2015,402,1,3037.36,5.12,GiftCard
39,2025-05-04,1055,2094,404,2,1578.72,18.49,GiftCard
41,2025-05-04,9999,2037,402,2,288.11,28.72,Wiretransfer
42,2025-05-04,1045,2038,401,1,1667.72,6.71,PayPal
45,2025-05-04,1003,2073,403,3,1498.29,11.16,GiftCard
46,2025-05-04,1122,2056,403,1,944.5,12.99,Credit Card
47,2025-05-04,1013,2032,404,0,2836.8,13.9,PayPal
48,2025-05-04,1016,2051,404,0,117.32,5.66,GiftCard
50,2025-05-04,1038,2072,403,0,840.6,27.99,PayPal
51,2025-05-04,1063,2015,404,1,1214.95,18.58,GiftCard
52,2025-05-04,1198,2066,404,3,516.06,26.9,Wiretransfer
53,2025-05-04,1113,2038,404,2,2223.62,19.3,GiftCard
54,2025-05-04,1145,2079,401,0,1901.08,13.25,PayPal
55,2025-05-04,1195,2026,402,2,507.74,13.17,Wiretransfer
56,2025-05-04,1169,2010,402,1,140.11,16.67,Credit Card
58,2025-05-04,1000,2052,404,3,2193.78,25.63,PayPal
59,2025-05-04,1074,2004,402,2,741.8,22.0,Wiretransfer
61,2025-05-04,1175,2029,403,1,36.48,0.15,Credit Card
62,2025-05-04,1108,2014,402,1,221.67,7.22,Wiretransfer
63,2025-05-04,1068,2018,401,0,2169.04,28.98,Wiretransfer
64,2025-05-04,1042,2039,403,3,2929.32,9.81,GiftCard
66,2025-05-04,1069,2064,404,3,1470.2,14.73,Wiretransfer
67,2025-05-04,1020,2076,401,3,4836.42,5.22,GiftCard
68,2025-05-04,1188,2041,403,0,1608.42,23.35,PayPal
71,2025-05-04,1132,2083,404,2,614.53,15.6,PayPal
72,2025-05-04,1046,2074,404,3,659.5,22.49,Wiretransfer
73,2025-05-04,1023,2060,403,3,1225.14,18.35,Credit Card
74,2025-05-04,1085,2041,401,1,1447.58,19.37,GiftCard
75,2025-05-04,1084,2052,404,2,2925.04,16.61,Credit Card
76,2025-05-04,1169,2051,401,3,117.32,23.62,Wiretransfer
77,2025-05-04,1022,2040,403,2,55.26,9.72,GiftCard
78,2025-05-04,1029,2098,404,0,3631.44,3.65,Wiretransfer
79,2025-05-04,1168,2069,404,3,232.39,22.4,Wiretransfer
80,2025-05-04,1013,2024,403,3,372.81,23.47,PayPal
81,2025-05-04,1160,2056,401,1,472.25,20.21,Wiretransfer
82,2025-05-04,1068,2070,402,2,109.38,2.52,PayPal
83,2025-05-04,1112,2089,404,0,2067.6,9.9,PayPal
84,2025-05-04,1007,2080,402,1,1498.07,3.27,GiftCard
85,2025-05-04,1079,2070,401,3,34.18,20.18,Credit Card
86,2025-05-04,1023,2028,401,3,2551.76,5.68,Credit Card
87,2025-05-04,1030,2082,402,3,799.8,15.4,PayPal
88,2025-05-04,1183,2037,403,3,2160.84,17.43,Credit Card
89,2025-05-04,1123,2060,402,3,2450.28,26.59,Wiretransfer
90,2025-05-04,1141,2018,404,1,2440.17,0.53,GiftCard
91,2025-05-04,1153,2065,402,0,470.34,26.28,Wiretransfer
93,2025-05-04,1129,2034,401,2,108.94,5.53,Credit Card
94,2025-05-04,1185,2038,404,1,1667.72,7.87,PayPal
95,2025-05-04,1114,2068,404,2,656.19,11.5,Credit Card
97,2025-05-04,1082,2024,402,3,372.81,14.52,PayPal
98,2025-05-04,1059,2099,404,0,1292.64,7.89,Wiretransfer
99,2025-05-04,1081,2095,404,3,490.79,11.69,Credit Card
101,2025-05-04,1009,2016,403,0,969.06,1.89,PayPal
103,2025-05-04,1184,2018,404,1,488.03,20.41,PayPal
106,2025-05-04,1084,2086,404,2,2861.12,15.21,Wiretransfer
107,2025-05-04,1160,2091,404,0,905.79,13.65,Wiretransfer
108,2025-05-04,1158,2008,402,2,159.82,9.66,Wiretransfer
109,2025-05-04,1058,2095,401,3,2453.95,18.48,Credit Card
110,2025-05-04,1025,2097,401,3,842.1,21.37,GiftCard
111,2025-05-04,1042,2088,403,0,709.35,17.98,GiftCard
115,2025-05-04,1043,2022,401,3,2684.72,5.27,PayPal
116,2025-05-04,1158,2087,402,3,477.96,0.86,GiftCard
117,2025-05-04,1149,2018,402,3,1626.78,2.18,Wiretransfer
118,2025-05-04,1163,2032,404,2,756.48,25.51,Wiretransfer
119,2025-05-04,1170,2001,404,2,659.76,28.73,Credit Card
120,2025-05-04,1173,2069,402,0,464.78,27.78,GiftCard
123,2025-05-04,1050,2049,404,0,2819.52,7.93,PayPal
124,2025-05-04,1060,2048,403,2,1144.42,18.81,Credit Card
125,2025-05-04,1179,2037,401,3,1440.56,17.11,PayPal
129,2025-05-04,1173,2096,402,0,672.18,14.95,Wiretransfer
130,2025-05-04,1160,2082,401,2,426.56,0.86,GiftCard
131,2025-05-04,1112,2004,403,1,1669.05,1.21,Wiretransfer
133,2025-05-04,1044,2025,402,2,223.7,0.35,Credit Card
136,2025-05-04,1029,2059,401,1,921.69,3.38,GiftCard
137,2025-05-04,1193,2028,404,2,1531.06,21.94,PayPal
138,2025-05-04,1023,2050,401,2,298.85,0.68,GiftCard
139,2025-05-04,1137,2015,404,2,539.98,18.13,Credit Card
140,2025-05-04,1172,2095,403,3,2453.95,17.84,Credit Card
141,2025-05-04,1163,2047,401,1,301.48,4.21,GiftCard
142,2025-05-04,1120,2003,403,1,1039.99,13.8,Credit Card
143,2025-05-04,1165,2008,404,2,53.27,15.73,PayPal
144,2025-05-04,1166,2052,401,1,658.13,27.65,PayPal
145,2025-05-04,1011,2004,403,3,3709.0,19.69,Credit Card
147,2025-05-04,1099,2058,403,3,666.75,29.54,Wiretransfer
148,2025-05-04,1150,2095,402,3,490.79,10.24,Credit Card
150,2025-05-04,1071,2004,403,1,834.52,4.96,Wiretransfer
151,2025-05-04,1113,2056,402,2,839.55,26.1,Credit Card
153,2025-05-04,1015,2050,403,1,504.31,28.48,Credit Card
154,2025-05-04,1031,2058,401,1,2400.3,18.28,GiftCard
155,2025-05-04,1164,2081,401,0,2984.88,21.43,GiftCard
156,2025-05-04,1085,2031,402,1,508.77,0.74,GiftCard
157,2025-05-04,1017,2097,402,1,757.89,0.55,Wiretransfer
160,2025-05-04,1044,2014,401,1,886.68,16.36,Credit Card
161,2025-05-04,1003,2045,402,2,499.42,2.41,Credit Card
162,2025-05-04,1004,2022,403,0,671.18,29.3,Wiretransfer
164,2025-05-04,1190,2008,404,3,266.36,25.69,Credit Card
165,2025-05-04,1199,2046,401,3,167.15,22.43,Wiretransfer
166,2025-05-04,1128,2028,401,2,2041.41,4.28,Wiretransfer
167,2025-05-04,1117,2082,401,0,799.8,19.19,Wiretransfer
168,2025-05-04,1122,2051,404,0,234.64,0.8,Wiretransfer
169,2025-05-04,1125,2091,404,0,1811.58,10.31,GiftCard
171,2025-05-04,1032,2035,403,3,4499.95,20.3,GiftCard
172,2025-05-04,1152,2067,403,3,872.85,4.53,PayPal
173,2025-05-04,1129,2077,404,0,2809.15,28.61,GiftCard
174,2025-05-04,1179,2014,402,3,738.9,27.2,Credit Card
176,2025-05-04,1116,2051,404,0,351.96,3.35,GiftCard
177,2025-05-04,1080,2054,403,2,3602.04,25.13,Credit Card
178,2025-05-04,1095,2019,404,0,933.93,10.85,Credit Card
180,2025-05-04,1024,2095,403,1,3533.69,22.82,GiftCard
181,2025-05-04,1142,2007,403,0,583.39,29.65,Credit Card
182,2025-05-04,1105,2045,404,0,624.28,27.85,GiftCard
183,2025-05-04,1073,2076,403,2,1934.57,21.64,Wiretransfer
184,2025-05-04,1026,2073,402,1,1797.95,26.7,PayPal
185,2025-05-04,1168,2061,402,0,599.76,21.87,GiftCard
188,2025-05-04,1143,2098,401,2,2178.86,13.6,Credit Card
189,2025-05-04,1007,2023,403,2,751.63,9.41,PayPal
190,2025-05-04,1086,2044,401,1,373.64,23.72,Wiretransfer
191,2025-05-04,1036,2072,404,0,1260.9,16.47,GiftCard
192,2025-05-04,1036,2094,401,0,2466.75,16.07,Wiretransfer
193,2025-05-04,1191,2067,402,3,872.85,11.12,Credit Card
194,2025-05-04,1107,2058,403,1,1800.22,20.57,Credit Card
195,2025-05-04,1094,2039,403,0,1952.88,10.44,GiftCard
198,2025-05-04,1169,2054,404,3,900.51,6.95,Wiretransfer
199,2025-05-04,1106,2034,402,0,136.17,26.14,GiftCard
200,2025-05-04,1088,2055,401,2,129.46,15.76,PayPal
201,2025-05-04,1173,2086,404,2,715.28,20.86,GiftCard
203,2025-05-04,1001,2026,403,1,190.4,15.8,PayPal
204,2025-05-04,1196,2017,403,2,370.96,26.39,GiftCard
206,2025-05-04,1191,2055,402,1,48.55,10.17,Wiretransfer
207,2025-05-04,1097,2068,402,2,1312.38,21.08,PayPal
209,2025-05-04,1004,2058,401,2,1066.8,26.5,GiftCard
210,2025-05-04,1147,2054,404,3,2701.53,0.92,GiftCard
211,2025-05-04,1074,2014,404,0,738.9,17.42,Wiretransfer
212,2025-05-04,1083,2021,404,2,668.33,11.86,GiftCard
213,2025-05-04,1022,2055,401,1,97.09,20.15,Wiretransfer
214,2025-05-04,1111,2075,404,0,1561.28,3.52,PayPal
215,2025-05-04,1101,2039,403,1,2636.39,29.28,Credit Card
216,2025-05-04,1085,2099,402,0,646.32,14.62,Credit Card
217,2025-05-04,1130,2081,401,1,1343.2,17.89,Wiretransfer
218,2025-05-04,1198,2044,403,1,186.82,29.39,GiftCard
220,2025-05-04,1050,2022,402,0,671.18,22.2,Credit Card
221,2025-05-04,1045,2098,404,3,907.86,26.99,GiftCard
222,2025-05-04,1193,2072,404,2,1681.2,3.83,Wiretransfer
223,2025-05-04,1160,2040,402,3,138.16,10.73,GiftCard
225,2025-05-04,1070,2075,401,2,624.51,25.58,PayPal
226,2025-05-04,1129,2009,403,3,198.93,9.04,Credit Card
227,2025-05-04,1115,2004,401,2,2225.4,10.22,Credit Card
228,2025-05-04,1073,2009,401,3,66.31,13.67,Credit Card
229,2025-05-04,1118,2074,401,3,659.5,18.97,Credit Card
230,2025-05-04,1146,2083,402,2,614.53,23.64,Wiretransfer
231,2025-05-04,1154,2060,402,0,408.38,13.12,Wiretransfer
232,2025-05-04,1115,2013,403,0,2806.08,16.25,Credit Card
233,2025-05-04,1129,2082,402,0,1066.4,7.31,PayPal
234,2025-05-04,1063,2090,404,3,71.64,21.32,Credit Card
236,2025-05-04,1095,2036,404,3,653.94,25.64,Credit Card
237,2025-05-04,1198,2043,401,2,1397.52,25.86,GiftCard
239,2025-05-04,1072,2032,402,2,1512.96,6.96,GiftCard
240,2025-05-04,1020,2074,402,2,527.6,12.18,PayPal
241,2025-05-04,1079,2083,404,1,691.34,6.9,GiftCard
242,2025-05-04,1152,2090,401,2,57.31,0.97,GiftCard
244,2025-05-04,1171,2089,401,3,1654.08,6.92,GiftCard
245,2025-05-04,1130,2046,401,2,106.98,3.73,PayPal
246,2025-05-04,1079,2023,402,2,3006.53,12.07,Credit Card
247,2025-05-04,1196,2062,402,1,1114.85,25.67,Wiretransfer
249,2025-05-04,1025,2064,401,2,705.7,28.14,Wiretransfer
250,2025-05-04,1196,2079,402,3,2851.62,10.67,GiftCard
251,2025-05-04,1039,2020,402,1,338.25,18.88,Wiretransfer
252,2025-05-04,1184,2056,401,3,1574.16,9.82,Wiretransfer
253,2025-05-04,1093,2086,402,3,3576.4,23.37,Wiretransfer
254,2025-05-04,1156,2036,404,1,392.36,27.2,GiftCard
255,2025-05-04,1136,2030,403,3,509.91,28.63,PayPal
256,2025-05-04,1049,2047,404,3,1674.9,1.66,GiftCard
258,2025-05-04,1041,2025,402,2,671.09,12.67,PayPal
259,2025-05-04,1013,2082,404,2,1066.4,2.87,Credit Card
260,2025-05-04,1141,2013,401,2,748.29,7.73,PayPal
261,2025-05-04,1021,2097,402,2,673.68,29.12,GiftCard
262,2025-05-04,1115,2065,402,3,1881.36,19.6,GiftCard
263,2025-05-04,1023,2028,404,2,510.35,10.58,Credit Card
265,2025-05-04,1128,2047,402,3,1004.94,16.79,Credit Card
266,2025-05-04,1020,2047,402,0,669.96,5.78,PayPal
267,2025-05-04,1081,2012,403,1,1682.61,16.32,GiftCard
268,2025-05-04,1035,2004,403,3,927.25,1.35,GiftCard
269,2025-05-04,1178,2017,404,3,1854.8,21.43,GiftCard
270,2025-05-04,1157,2000,401,0,1938.62,20.78,Wiretransfer
271,2025-05-04,1065,2027,402,3,775.83,6.62,Credit Card
272,2025-05-04,1028,2099,403,1,3490.13,2.7,PayPal
273,2025-05-04,1077,2015,401,1,1822.42,25.22,Credit Card
274,2025-05-04,1107,2081,404,0,2238.66,18.39,PayPal
275,2025-05-04,1028,2063,401,1,994.43,7.32,Wiretransfer
276,2025-05-04,1183,2018,403,3,2711.3,22.94,PayPal
278,2025-05-04,1146,2053,402,0,1220.3,14.91,GiftCard
279,2025-05-04,1134,2046,401,0,33.43,4.9,Wiretransfer
280,2025-05-04,1099,2060,401,3,1633.52,29.7,PayPal
281,2025-05-04,1095,2032,401,2,1512.96,15.18,Wiretransfer
282,2025-05-04,1017,2044,402,0,207.58,14.94,GiftCard
283,2025-05-04,1197,2074,403,1,593.55,14.56,Wiretransfer
284,2025-05-04,1011,2045,403,1,842.78,23.49,GiftCard
285,2025-05-04,1199,2087,404,3,159.32,21.3,Wiretransfer
286,2025-05-04,1161,2023,402,0,939.54,23.02,GiftCard
287,2025-05-04,1183,2099,404,0,1292.64,14.72,Wiretransfer
289,2025-05-04,1010,2040,403,3,138.16,22.45,Credit Card
290,2025-05-04,1139,2060,403,0,1225.14,14.09,Wiretransfer
291,2025-05-04,1192,2082,402,2,213.28,5.06,Wiretransfer
292,2025-05-04,1091,2099,401,2,1034.11,19.45,PayPal
293,2025-05-04,1069,2015,403,3,2699.88,26.05,PayPal
294,2025-05-04,1102,2095,404,3,1472.37,0.48,Wiretransfer
295,2025-05-04,1086,2023,404,3,3758.16,11.06,PayPal
296,2025-05-04,1094,2066,403,0,1032.12,4.89,Credit Card
298,2025-05-04,1154,2023,403,2,751.63,25.26,GiftCard
299,2025-05-04,1026,2010,403,2,62.27,25.23,Wiretransfer
300,2025-05-04,1078,2057,404,1,393.28,20.83,Credit Card
301,2025-05-04,1176,2056,403,3,524.72,16.0,Wiretransfer
303,2025-05-04,1070,2081,401,0,1492.44,19.22,PayPal
304,2025-05-04,1171,2081,404,2,596.98,8.44,GiftCard
305,2025-05-04,1131,2095,402,0,1472.37,9.2,Credit Card
307,2025-05-04,1032,2008,402,2,106.54,7.37,Wiretransfer
309,2025-05-04,1173,2057,403,2,349.58,17.21,GiftCard
310,2025-05-04,1113,2097,401,1,757.89,8.56,Credit Card
311,2025-05-04,1135,2046,404,2,80.23,17.66,GiftCard
312,2025-05-04,1166,2035,402,0,899.99,20.14,Wiretransfer
313,2025-05-04,1006,2094,402,3,1480.05,3.75,GiftCard
314,2025-05-04,1132,2049,401,2,1503.74,21.75,Wiretransfer
315,2025-05-04,1198,2033,404,1,2257.88,14.23,Wiretransfer
316,2025-05-04,1156,2036,404,1,784.73,18.99,PayPal
318,2025-05-04,1044,2091,404,0,1811.58,9.12,Credit Card
319,2025-05-04,1174,2040,403,0,34.54,3.37,GiftCard
320,2025-05-04,1140,2069,403,2,557.74,0.43,Credit Card
323,2025-05-04,1035,2030,404,0,339.94,27.34,GiftCard
324,2025-05-04,1092,2070,403,3,102.54,13.13,Wiretransfer
326,2025-05-04,1079,2050,404,3,186.78,24.81,PayPal
327,2025-05-04,1196,2052,401,1,2632.54,27.59,Credit Card
328,2025-05-04,1081,2082,401,3,1066.4,18.67,Wiretransfer
330,2025-05-04,1199,2070,402,1,30.76,24.88,Credit Card
332,2025-05-04,1132,2019,403,1,1681.07,23.37,Credit Card
333,2025-05-04,1041,2041,402,2,643.37,3.08,PayPal
334,2025-05-04,1132,2036,401,2,348.77,12.45,Credit Card
335,2025-05-04,1050,2081,403,1,2686.39,19.94,PayPal
337,2025-05-04,1151,2074,402,1,1187.1,13.82,Wiretransfer
338,2025-05-04,1168,2079,403,0,1901.08,23.41,Credit Card
339,2025-05-04,1007,2010,401,2,62.27,26.12,PayPal
341,2025-05-04,1127,2080,403,2,1997.42,0.52,GiftCard
342,2025-05-04,1123,2031,404,2,1356.72,0.91,Credit Card
343,2025-05-04,1116,2009,401,1,119.36,3.1,PayPal
345,2025-05-04,1052,2043,402,2,698.76,9.49,Wiretransfer
346,2025-05-04,1183,2040,403,3,103.62,23.87,Wiretransfer
347,2025-05-04,1033,2097,403,0,4210.5,6.46,Credit Card
348,2025-05-04,1081,2030,404,0,339.94,13.25,PayPal
349,2025-05-04,1068,2057,402,1,1179.85,20.97,Credit Card
350,2025-05-04,1024,2006,403,3,594.0,4.64,Wiretransfer
352,2025-05-04,1083,2073,403,1,2247.44,25.32,PayPal
353,2025-05-04,1195,2020,404,3,1879.15,25.31,GiftCard
354,2025-05-04,1127,2039,404,0,1952.88,1.45,Credit Card
356,2025-05-04,1055,2074,403,0,1978.5,8.09,PayPal
357,2025-05-04,1012,2036,404,3,653.94,6.54,Credit Card
358,2025-05-04,1073,2068,401,0,2460.72,19.56,GiftCard
359,2025-05-04,1110,2017,403,2,370.96,8.77,Credit Card
360,2025-05-04,1195,2051,403,0,117.32,17.31,Wiretransfer
361,2025-05-04,1102,2006,402,2,792.0,18.67,GiftCard
362,2025-05-04,1141,2036,401,3,871.92,13.56,PayPal
363,2025-05-04,1129,2057,403,0,1747.92,25.27,PayPal
364,2025-05-04,1032,2012,404,2,997.1,4.68,PayPal
365,2025-05-04,1086,2071,403,1,553.64,29.69,PayPal
366,2025-05-04,1050,2077,404,0,561.83,9.52,GiftCard
369,2025-05-04,1155,2065,402,2,1128.82,15.6,PayPal
370,2025-05-04,1156,2040,402,3,138.16,7.76,Credit Card
371,2025-05-04,1157,2094,403,2,1578.72,5.46,Wiretransfer
372,2025-05-04,1129,2065,404,2,752.54,11.98,PayPal
373,2025-05-04,1121,2002,403,2,2771.2,29.68,PayPal
374,2025-05-04,1172,2014,404,2,197.04,27.49,Credit Card
375,2025-05-04,1185,2088,401,3,2128.05,21.67,PayPal
377,2025-05-04,1149,2061,402,3,1199.52,5.99,PayPal
378,2025-05-04,1037,2087,402,0,318.64,9.35,Wiretransfer
379,2025-05-04,1146,2089,401,1,744.34,27.71,GiftCard
380,2025-05-04,1004,2056,403,3,2098.88,25.5,GiftCard
381,2025-05-04,1038,2052,402,3,2193.78,3.37,PayPal
382,2025-05-04,1128,2099,404,0,3877.92,25.48,Wiretransfer
383,2025-05-04,1180,2017,402,2,741.92,5.99,PayPal
384,2025-05-04,1169,2061,404,2,319.87,16.29,Credit Card
385,2025-05-04,1044,2058,403,2,1066.8,10.09,GiftCard
386,2025-05-04,1173,2098,403,3,3631.44,0.73,GiftCard
387,2025-05-04,1049,2031,403,2,1356.72,20.97,Wiretransfer
388,2025-05-04,1057,2038,403,1,2501.58,14.63,Wiretransfer
389,2025-05-04,1176,2090,404,2,343.87,4.94,Credit Card
390,2025-05-04,1122,2044,403,2,166.06,13.16,GiftCard
391,2025-05-04,1031,2073,404,3,1498.29,2.32,Credit Card
392,2025-05-04,1088,2098,402,2,726.29,22.08,Credit Card
393,2025-05-04,1010,2036,401,2,348.77,0.11,PayPal
394,2025-05-04,1113,2083,403,3,3072.64,17.13,PayPal
395,2025-05-04,1054,2025,403,2,671.09,27.78,GiftCard
396,2025-05-04,1035,2013,402,1,1683.65,4.85,PayPal
397,2025-05-04,1012,2085,402,1,217.94,24.94,Wiretransfer
398,2025-05-04,1013,2012,404,2,1994.21,15.72,Wiretransfer
399,2025-05-04,1183,2060,401,1,367.54,3.2,Credit Card
400,2025-05-04,1001,2070,402,3,102.54,15.06,PayPal
401,2025-05-04,1167,2060,404,1,735.08,7.38,Credit Card
402,2025-05-04,1193,2036,403,2,348.77,22.98,Credit Card
404,2025-05-04,1136,2094,401,1,1776.06,22.93,Wiretransfer
405,2025-05-04,1106,2022,401,3,671.18,0.24,Wiretransfer
407,2025-05-04,1002,2038,401,2,1482.42,10.84,GiftCard
408,2025-05-04,1072,2058,404,1,1200.15,12.39,GiftCard
409,2025-05-04,1129,2059,403,1,1382.54,26.84,Wiretransfer
410,2025-05-04,1028,2042,402,3,502.83,2.17,Credit Card
412,2025-05-04,1188,2043,403,1,1572.21,26.51,Credit Card
413,2025-05-04,1044,2078,404,3,426.03,16.59,GiftCard
414,2025-05-04,1131,2041,401,3,3216.84,19.05,GiftCard
415,2025-05-04,1171,2012,402,1,1121.74,7.77,PayPal
416,2025-05-04,1122,2041,402,0,1608.42,0.92,Credit Card
418,2025-05-04,1192,2034,403,2,326.81,25.66,Credit Card
419,2025-05-04,1149,2092,401,2,1157.3,12.69,PayPal
422,2025-05-04,1040,2051,403,0,469.28,18.19,PayPal
424,2025-05-04,1056,2017,404,1,834.66,23.09,GiftCard
425,2025-05-04,1116,2095,403,3,490.79,13.51,Credit Card
426,2025-05-04,1179,2070,404,1,61.52,17.5,Credit Card
427,2025-05-04,1195,2031,401,3,1695.9,7.16,GiftCard
429,2025-05-04,1144,2014,401,1,443.34,23.11,Wiretransfer
431,2025-05-04,1083,2066,404,0,516.06,24.63,Credit Card
432,2025-05-04,1174,2026,404,0,423.12,14.71,Wiretransfer
435,2025-05-04,1144,2007,404,2,933.42,22.21,Credit Card
436,2025-05-04,1185,2002,404,2,692.8,23.21,PayPal
438,2025-05-04,1011,2054,403,0,900.51,27.91,PayPal
439,2025-05-04,1138,2007,401,3,2333.56,14.81,Wiretransfer
440,2025-05-04,1008,2036,404,1,196.18,13.41,Credit Card
441,2025-05-04,1196,2017,404,2,741.92,23.87,Credit Card
442,2025-05-04,1097,2057,404,3,436.98,12.9,Credit Card
443,2025-05-04,1020,2087,402,2,637.28,14.13,Wiretransfer
444,2025-05-04,1030,2022,404,1,604.06,8.72,GiftCard
445,2025-05-04,1186,2028,401,0,2551.76,6.87,Wiretransfer
446,2025-05-04,1076,2059,404,3,1536.15,15.94,PayPal
448,2025-05-04,1039,2035,402,0,899.99,9.66,Credit Card
449,2025-05-04,1008,2084,404,0,845.55,6.39,GiftCard
450,2025-05-04,1061,2026,401,0,423.12,0.45,PayPal
451,2025-05-04,1152,2004,404,0,2781.75,1.22,Wiretransfer
452,2025-05-04,1062,2094,401,3,1973.4,24.35,Credit Card
453,2025-05-04,1112,2029,402,0,13.51,25.2,PayPal
455,2025-05-04,1187,2073,403,2,399.54,29.28,PayPal
456,2025-05-04,1060,2038,402,1,3335.44,11.09,Wiretransfer
457,2025-05-04,1105,2038,403,0,1853.02,11.04,Wiretransfer
458,2025-05-04,1142,2075,402,3,3903.2,21.15,PayPal
459,2025-05-04,1142,2063,401,2,1325.9,20.46,PayPal
460,2025-05-04,1164,2085,404,2,387.44,5.38,GiftCard
461,2025-05-04,1178,2053,404,1,1647.4,26.6,Credit Card
462,2025-05-04,1076,2048,402,3,1072.89,12.4,Credit Card
463,2025-05-04,1061,2028,403,1,1148.29,7.53,GiftCard
464,2025-05-04,1118,2007,404,3,1750.17,28.49,PayPal
465,2025-05-04,1142,2067,402,3,1163.8,16.88,Credit Card
466,2025-05-04,1062,2032,402,2,756.48,6.46,Wiretransfer
467,2025-05-04,1165,2010,404,2,124.54,24.25,PayPal
468,2025-05-04,1023,2068,402,0,2460.72,11.41,GiftCard
469,2025-05-04,1068,2048,401,0,715.26,8.24,Wiretransfer
471,2025-05-04,1053,2042,403,0,167.61,7.77,Credit Card
472,2025-05-04,1054,2024,401,3,372.81,23.64,PayPal
473,2025-05-04,1062,2089,402,3,1240.56,20.32,PayPal
474,2025-05-04,1061,2070,403,2,27.34,10.46,GiftCard
476,2025-05-04,1066,2046,404,3,200.58,14.64,Wiretransfer
477,2025-05-04,1025,2092,404,2,771.54,22.34,Credit Card
478,2025-05-04,1052,2047,403,3,334.98,2.7,PayPal
479,2025-05-04,1011,2072,402,1,756.54,20.19,GiftCard
481,2025-05-04,1039,2025,403,1,503.32,16.6,PayPal
482,2025-05-04,1097,2072,402,3,420.3,17.12,Wiretransfer
484,2025-05-04,1195,2062,404,3,3096.8,18.3,Wiretransfer
485,2025-05-04,1043,2093,403,1,1360.69,1.52,Credit Card
487,2025-05-04,1138,2082,401,0,533.2,13.58,PayPal
488,2025-05-04,1019,2085,401,0,484.3,11.59,Credit Card
489,2025-05-04,1105,2017,402,0,1391.1,7.45,GiftCard
490,2025-05-04,1181,2019,401,1,4202.68,2.17,Wiretransfer
491,2025-05-04,1129,2058,403,0,1333.5,8.89,PayPal
492,2025-05-04,1158,2081,404,3,2984.88,16.37,GiftCard
493,2025-05-04,1004,2000,404,0,2907.93,13.39,PayPal
494,2025-05-04,1004,2067,403,2,465.52,7.37,GiftCard
495,2025-05-04,1004,2064,404,1,1323.18,28.94,Wiretransfer
496,2025-05-04,1027,2012,402,1,1121.74,27.1,Wiretransfer
497,2025-05-04,1049,2079,403,2,3802.16,26.07,GiftCard
499,2025-05-04,1103,2058,402,1,600.08,19.08,Wiretransfer
501,2025-05-04,1023,2051,404,3,351.96,21.95,GiftCard
502,2025-05-04,1141,2060,401,0,408.38,5.58,GiftCard
503,2025-05-04,1179,2021,401,3,835.41,10.83,Wiretransfer
505,2025-05-04,1135,2005,402,1,1157.71,4.0,Credit Card
506,2025-05-04,1177,2072,404,2,1008.72,18.0,Wiretransfer
508,2025-05-04,1045,2040,401,1,31.09,12.76,PayPal
509,2025-05-04,1150,2018,404,0,1084.52,2.01,Credit Card
510,2025-05-04,1076,2020,402,3,2254.98,27.32,Wiretransfer
511,2025-05-04,1173,2069,403,3,232.39,24.15,Wiretransfer
512,2025-05-04,1193,2094,402,0,1480.05,21.35,Wiretransfer
514,2025-05-04,1025,2055,402,0,107.88,15.95,Wiretransfer
515,2025-05-04,1087,2077,404,2,449.46,27.24,Credit Card
516,2025-05-04,1007,2081,403,3,746.22,9.31,Credit Card
517,2025-05-04,1125,2029,403,3,40.53,11.17,Wiretransfer
518,2025-05-04,1110,2023,404,0,1879.08,16.82,GiftCard
519,2025-05-04,1197,2079,403,1,855.49,3.44,Credit Card
521,2025-05-04,1039,2048,402,3,357.63,24.92,GiftCard
522,2025-05-04,1081,2046,401,0,33.43,12.01,PayPal
523,2025-05-04,1001,2039,404,2,2343.46,28.11,Credit Card
525,2025-05-04,1022,2023,404,3,5637.24,11.48,Credit Card
526,2025-05-04,1142,2071,404,0,615.16,2.79,Wiretransfer
527,2025-05-04,1006,2011,403,0,1229.22,17.86,PayPal
528,2025-05-04,1152,2076,403,3,2418.21,25.27,Wiretransfer
529,2025-05-04,1003,2037,404,3,1440.56,26.1,PayPal
530,2025-05-04,1199,2010,402,1,210.17,29.24,GiftCard
531,2025-05-04,1175,2048,402,1,965.6,26.35,GiftCard
533,2025-05-04,1037,2008,402,3,266.36,12.62,GiftCard
534,2025-05-04,1070,2053,403,3,1830.45,29.48,Wiretransfer
535,2025-05-04,1005,2009,403,2,53.05,28.04,GiftCard
536,2025-05-04,1063,2092,404,1,867.98,1.88,GiftCard
537,2025-05-04,1117,2013,402,2,2244.86,24.07,PayPal
539,2025-05-04,1084,2056,403,3,1574.16,15.82,Wiretransfer
542,2025-05-04,1080,2022,404,2,1073.89,17.57,Wiretransfer
543,2025-05-04,1074,2094,404,1,444.02,18.39,GiftCard
545,2025-05-04,1093,2014,402,1,221.67,14.13,Credit Card
546,2025-05-04,1174,2098,401,3,2723.58,24.92,Wiretransfer
547,2025-05-04,1181,2026,404,2,507.74,15.07,GiftCard
548,2025-05-04,1177,2008,404,3,332.95,9.41,Wiretransfer
549,2025-05-04,1035,2081,403,1,1343.2,19.93,GiftCard
550,2025-05-04,1064,2084,402,3,845.55,12.2,PayPal
551,2025-05-04,1096,2009,404,3,198.93,12.71,GiftCard
553,2025-05-04,1092,2089,401,0,827.04,12.38,PayPal
554,2025-05-04,1196,2031,403,1,1526.31,6.96,Credit Card
555,2025-05-04,1165,2078,401,3,142.01,0.25,GiftCard
556,2025-05-04,1192,2042,404,0,1005.66,19.97,Wiretransfer
557,2025-05-04,1002,2012,403,1,560.87,25.87,Credit Card
558,2025-05-04,1130,2095,402,3,1963.16,20.5,PayPal
559,2025-05-04,1095,2050,404,1,168.1,4.67,GiftCard
560,2025-05-04,1088,2003,404,0,385.18,4.14,Wiretransfer
561,2025-05-04,1075,2053,401,0,1830.45,20.48,GiftCard
562,2025-05-04,1186,2018,403,2,1301.42,23.45,Wiretransfer
563,2025-05-04,1087,2058,402,3,2667.0,3.41,PayPal
564,2025-05-04,1089,2060,401,3,408.38,14.56,PayPal
565,2025-05-04,1184,2089,404,2,1984.9,3.6,PayPal
567,2025-05-04,1005,2043,401,1,786.1,22.67,Credit Card
568,2025-05-04,1189,2031,402,1,2035.08,13.21,PayPal
570,2025-05-04,1059,2051,402,1,527.94,22.41,Credit Card
571,2025-05-04,1163,2084,404,3,845.55,5.45,GiftCard
572,2025-05-04,1007,2094,402,3,493.35,6.93,Wiretransfer
575,2025-05-04,1192,2090,401,0,286.56,10.04,Credit Card
576,2025-05-04,1137,2023,403,2,1503.26,21.27,PayPal
577,2025-05-04,1050,2058,401,2,1066.8,19.21,Wiretransfer
578,2025-05-04,1171,2062,403,3,619.36,15.18,Credit Card
580,2025-05-04,1090,2058,402,2,1066.8,4.91,PayPal
581,2025-05-04,1157,2075,401,1,702.58,1.26,Wiretransfer
582,2025-05-04,1080,2015,402,2,1619.93,25.21,Credit Card
584,2025-05-04,1130,2049,404,1,845.86,0.34,Credit Card
585,2025-05-04,1147,2049,404,1,845.86,29.86,Wiretransfer
586,2025-05-04,1124,2081,402,1,2686.39,17.24,Credit Card
587,2025-05-04,1125,2036,402,1,588.55,13.01,PayPal
589,2025-05-04,1002,2062,402,1,1114.85,29.9,PayPal
590,2025-05-04,1098,2071,404,3,1845.48,12.52,GiftCard
591,2025-05-04,1175,2062,404,3,1858.08,24.65,GiftCard
592,2025-05-04,1125,2021,401,0,1670.82,29.07,Wiretransfer
593,2025-05-04,1194,2028,403,0,637.94,15.21,GiftCard
595,2025-05-04,1199,2058,404,0,2667.0,25.68,Credit Card
597,2025-05-04,1138,2096,401,3,2688.72,5.7,Credit Card
598,2025-05-04,1139,2027,404,0,258.61,17.31,Wiretransfer
599,2025-05-04,1188,2083,402,2,1229.06,15.79,PayPal
600,2025-05-04,1008,2057,403,2,699.17,13.03,PayPal
601,2025-05-04,1022,2056,401,1,2361.24,22.7,PayPal
602,2025-05-04,1053,2094,403,3,493.35,5.84,Credit Card
603,2025-05-04,1042,2078,402,1,127.81,3.19,GiftCard
604,2025-05-04,1052,2007,403,2,2333.56,10.42,PayPal
605,2025-05-04,1152,2068,402,2,656.19,13.96,Wiretransfer
606,2025-05-04,1180,2037,403,2,288.11,9.82,Wiretransfer
607,2025-05-04,1131,2086,401,1,2414.07,21.63,GiftCard
609,2025-05-04,1167,2016,402,1,290.72,6.08,Wiretransfer
612,2025-05-04,1036,2073,403,3,1997.72,14.09,PayPal
613,2025-05-04,1096,2057,401,0,1310.94,16.96,GiftCard
614,2025-05-04,1103,2065,403,2,376.27,21.1,PayPal
615,2025-05-04,1116,2062,403,0,1238.72,17.16,Wiretransfer
618,2025-05-04,1136,2050,402,3,933.9,16.53,Credit Card
619,2025-05-04,1054,2063,403,2,441.97,8.8,Credit Card
620,2025-05-04,1072,2043,402,3,4367.25,26.7,Wiretransfer
621,2025-05-04,1087,2087,401,0,637.28,18.22,GiftCard
622,2025-05-04,1025,2080,404,0,3329.04,19.07,GiftCard
623,2025-05-04,1031,2020,404,3,1127.49,1.76,PayPal
624,2025-05-04,1000,2054,402,1,1620.92,13.51,Credit Card
625,2025-05-04,1166,2038,402,2,2223.62,5.21,GiftCard
626,2025-05-04,1023,2083,403,2,1229.06,13.03,Credit Card
627,2025-05-04,1021,2047,402,0,1674.9,2.81,GiftCard
628,2025-05-04,1101,2080,403,1,3745.17,27.69,PayPal
629,2025-05-04,1109,2083,401,0,768.16,16.27,Credit Card
630,2025-05-04,1000,2027,404,0,517.22,22.44,Credit Card
631,2025-05-04,1033,2075,402,3,780.64,14.73,PayPal
632,2025-05-04,1002,2001,403,0,824.7,23.0,PayPal
633,2025-05-04,1108,2088,402,3,3546.75,3.42,PayPal
634,2025-05-04,1018,2029,404,0,27.02,0.69,Wiretransfer
635,2025-05-04,1187,2013,401,2,2993.15,9.75,PayPal
636,2025-05-04,1094,2038,402,3,926.51,2.16,PayPal
637,2025-05-04,1198,2096,402,1,1814.89,13.08,PayPal
638,2025-05-04,1017,2067,401,1,523.71,7.06,PayPal
639,2025-05-04,1112,2044,402,1,560.47,17.9,Credit Card
640,2025-05-04,1105,2078,404,1,383.43,26.62,Wiretransfer
641,2025-05-04,1022,2012,402,0,623.19,11.4,GiftCard
642,2025-05-04,1150,2093,404,2,1814.26,16.32,PayPal
643,2025-05-04,1109,2040,402,1,31.09,7.46,Wiretransfer
644,2025-05-04,1070,2082,401,1,719.82,11.85,Wiretransfer
645,2025-05-04,1141,2076,403,0,3224.28,16.9,Credit Card
646,2025-05-04,1168,2038,402,1,1667.72,16.52,GiftCard
647,2025-05-04,1191,2050,403,0,560.34,19.49,GiftCard
648,2025-05-04,1005,2030,404,3,679.88,14.8,GiftCard
649,2025-05-04,1028,2030,404,0,509.91,2.03,Credit Card
650,2025-05-04,1135,2001,403,2,989.64,10.34,GiftCard
651,2025-05-04,1033,2049,404,2,751.87,23.03,GiftCard
653,2025-05-04,1197,2009,401,0,265.24,26.54,Credit Card
654,2025-05-04,1003,2033,402,0,836.25,18.37,Credit Card
655,2025-05-04,1015,2050,403,3,560.34,7.29,Credit Card
656,2025-05-04,1108,2089,404,0,413.52,1.38,GiftCard
657,2025-05-04,1163,2068,402,2,3280.96,14.99,GiftCard
658,2025-05-04,1021,2039,401,1,878.8,5.82,Wiretransfer
659,2025-05-04,1039,2068,403,3,2460.72,15.32,Credit Card
660,2025-05-04,1150,2081,401,2,1193.95,2.99,Credit Card
661,2025-05-04,1178,2055,402,0,53.94,7.34,GiftCard
664,2025-05-04,1170,2094,402,0,986.7,28.27,Wiretransfer
665,2025-05-04,1003,2090,402,0,143.28,19.22,GiftCard
666,2025-05-04,1041,2063,403,2,1325.9,14.96,PayPal
667,2025-05-04,1042,2047,402,2,803.95,21.11,Wiretransfer
669,2025-05-04,1109,2034,401,2,326.81,24.98,Wiretransfer
670,2025-05-04,1182,2073,401,3,499.43,7.39,PayPal
671,2025-05-04,1116,2065,403,0,470.34,11.74,Credit Card
672,2025-05-04,1127,2072,402,2,1008.72,29.06,PayPal
674,2025-05-04,1058,2094,401,0,493.35,19.1,PayPal
675,2025-05-04,1003,2031,401,3,1695.9,24.69,PayPal
676,2025-05-04,1093,2049,402,1,1691.71,1.04,GiftCard
677,2025-05-04,1009,2070,404,1,30.76,22.39,PayPal
678,2025-05-04,1082,2031,404,2,452.24,20.55,Credit Card
680,2025-05-04,1128,2086,401,1,804.69,27.68,Credit Card
681,2025-05-04,1057,2066,401,3,1548.18,26.78,Wiretransfer
682,2025-05-04,1017,2059,403,2,409.64,23.94,Wiretransfer
683,2025-05-04,1083,2011,404,0,1638.96,23.12,Wiretransfer
684,2025-05-04,1094,2025,403,2,223.7,2.68,Credit Card
686,2025-05-04,1094,2075,404,1,702.58,3.03,GiftCard
687,2025-05-04,1187,2069,402,1,627.45,29.77,Credit Card
689,2025-05-04,1138,2044,401,2,166.06,22.75,PayPal
690,2025-05-04,1000,2097,404,2,1347.36,22.59,Credit Card
691,2025-05-04,1026,2026,402,3,211.56,15.76,GiftCard
692,2025-05-04,1125,2007,402,2,933.42,7.15,Wiretransfer
693,2025-05-04,1023,2005,402,3,1286.34,26.81,PayPal
694,2025-05-04,1179,2047,404,0,669.96,29.73,Wiretransfer
695,2025-05-04,1148,2012,402,3,3115.95,29.49,Wiretransfer
696,2025-05-04,1019,2075,401,3,2341.92,15.11,Credit Card
697,2025-05-04,1169,2016,402,2,775.25,7.81,Credit Card
698,2025-05-04,1066,2040,404,2,55.26,25.23,GiftCard
699,2025-05-04,1081,2057,403,1,393.28,7.8,PayPal
700,2025-05-04,1019,2025,402,0,559.24,12.37,Wiretransfer
701,2025-05-04,1039,2013,402,3,4676.8,16.46,GiftCard
702,2025-05-04,1119,2040,404,0,69.08,5.0,GiftCard
704,2025-05-04,1078,2059,403,0,1536.15,25.47,PayPal
706,2025-05-04,1055,2041,402,0,4021.05,25.05,GiftCard
707,2025-05-04,1182,2031,403,3,1695.9,2.89,PayPal
708,2025-05-04,1131,2006,403,2,475.2,23.07,Credit Card
709,2025-05-04,1044,2003,404,3,1155.54,18.53,GiftCard
710,2025-05-04,1142,2095,402,0,2453.95,0.73,Wiretransfer
712,2025-05-04,1003,2007,402,1,1050.1,16.64,Wiretransfer
713,2025-05-04,1050,2051,403,0,117.32,11.65,GiftCard
714,2025-05-04,1149,2075,403,0,780.64,23.56,GiftCard
715,2025-05-04,1005,2008,402,3,466.13,12.43,Wiretransfer
716,2025-05-04,1032,2011,403,0,409.74,2.68,Wiretransfer
717,2025-05-04,1010,2059,401,1,921.69,0.87,GiftCard
719,2025-05-04,1007,2048,404,1,1287.47,0.97,PayPal
720,2025-05-04,1090,2027,402,2,413.78,21.12,Credit Card
721,2025-05-04,1071,2057,402,0,1310.94,23.34,PayPal
722,2025-05-04,1157,2079,402,2,2281.3,0.34,Credit Card
723,2025-05-04,1127,2052,404,0,2193.78,4.89,GiftCard
724,2025-05-04,1022,2035,404,1,1619.98,21.23,Wiretransfer
725,2025-05-04,1107,2025,402,0,279.62,10.32,GiftCard
726,2025-05-04,1097,2091,403,3,2717.37,21.9,PayPal
727,2025-05-04,1139,2062,403,2,1486.46,13.07,Wiretransfer
728,2025-05-04,1099,2034,402,0,408.51,19.57,Wiretransfer
729,2025-05-04,1081,2076,402,0,2418.21,21.26,GiftCard
730,2025-05-04,1199,2035,401,3,2699.97,13.67,Wiretransfer
731,2025-05-04,1135,2045,402,1,842.78,2.72,Credit Card
732,2025-05-04,1025,2031,402,2,904.48,29.34,PayPal
734,2025-05-04,1147,2049,403,1,3383.42,6.3,Wiretransfer
735,2025-05-04,1045,2030,403,2,407.93,22.43,Credit Card
736,2025-05-04,1151,2003,403,1,693.32,23.03,Credit Card
737,2025-05-04,1144,2024,404,2,298.25,20.9,Credit Card
738,2025-05-04,1044,2062,401,0,1238.72,23.49,Credit Card
739,2025-05-04,1014,2029,402,0,13.51,16.71,Credit Card
740,2025-05-04,1134,2061,401,2,639.74,21.51,PayPal
741,2025-05-04,1157,2025,402,2,671.09,5.06,Credit Card
742,2025-05-04,1183,2022,403,0,2684.72,10.38,Credit Card
744,2025-05-04,1134,2046,401,2,53.49,5.04,Credit Card
745,2025-05-04,1180,2084,404,0,281.85,17.61,GiftCard
746,2025-05-04,1086,2038,403,1,1667.72,3.86,PayPal
747,2025-05-04,1040,2093,404,3,755.94,14.73,Wiretransfer
748,2025-05-04,1166,2040,402,2,27.63,8.16,Credit Card
749,2025-05-04,1057,2085,402,3,1452.9,0.67,PayPal
751,2025-05-04,1045,2093,401,3,2267.82,7.63,GiftCard
752,2025-05-04,1197,2072,401,1,1513.08,20.78,Credit Card
753,2025-05-04,1154,2040,402,0,69.08,12.38,PayPal
755,2025-05-04,1060,2044,403,1,934.11,13.48,Wiretransfer
756,2025-05-04,1162,2011,403,3,1229.22,25.3,Wiretransfer
757,2025-05-04,1002,2033,402,1,3010.5,17.71,GiftCard
758,2025-05-04,1177,2008,403,2,159.82,9.02,Credit Card
759,2025-05-04,1027,2092,401,0,482.21,18.07,Credit Card
760,2025-05-04,1098,2056,404,1,944.5,9.68,Wiretransfer
761,2025-05-04,1105,2063,404,2,2209.84,19.37,Wiretransfer
762,2025-05-04,1139,2048,401,3,357.63,29.38,GiftCard
763,2025-05-04,1147,2083,402,1,691.34,16.94,Credit Card
764,2025-05-04,1115,2009,401,2,53.05,28.02,GiftCard
765,2025-05-04,1005,2040,403,0,103.62,0.33,Credit Card
766,2025-05-04,1018,2043,402,3,2620.35,25.75,Credit Card
767,2025-05-04,1041,2093,401,0,755.94,26.87,GiftCard
769,2025-05-04,1110,2083,402,3,768.16,16.41,GiftCard
771,2025-05-04,1052,2024,404,2,298.25,16.31,GiftCard
772,2025-05-04,1169,2036,403,1,392.36,15.0,GiftCard
774,2025-05-04,1039,2006,403,0,198.0,24.28,Wiretransfer
775,2025-05-04,1109,2011,403,3,1638.96,29.9,GiftCard
776,2025-05-04,1051,2012,401,1,1121.74,2.21,Wiretransfer
777,2025-05-04,1043,2081,403,0,746.22,11.84,PayPal
778,2025-05-04,1121,2014,403,3,985.2,11.99,GiftCard
779,2025-05-04,1120,2062,403,0,2477.44,17.47,Credit Card
781,2025-05-04,1094,2048,403,1,321.87,11.71,GiftCard
782,2025-05-04,1114,2005,403,3,428.78,28.56,Credit Card
783,2025-05-04,1119,2033,402,2,1338.0,0.24,Credit Card
784,2025-05-04,1144,2007,402,0,1166.78,6.09,GiftCard
786,2025-05-04,1193,2075,402,0,1561.28,16.41,GiftCard
788,2025-05-04,1146,2030,404,2,543.9,18.41,Credit Card
789,2025-05-04,1020,2050,401,1,168.1,23.24,PayPal
790,2025-05-04,1030,2096,404,1,3024.81,28.39,GiftCard
791,2025-05-04,1042,2027,402,1,232.75,26.84,Wiretransfer
792,2025-05-04,1010,2054,401,3,900.51,27.09,PayPal
794,2025-05-04,1081,2093,401,0,755.94,0.96,Credit Card
795,2025-05-04,1099,2071,404,2,984.26,22.91,Credit Card
797,2025-05-04,1179,2079,404,0,2851.62,22.96,Credit Card
798,2025-05-04,1106,2019,402,0,3735.72,25.96,GiftCard
799,2025-05-04,1027,2072,401,2,672.48,25.13,GiftCard
800,2025-05-04,1137,2044,404,2,830.32,18.71,PayPal
801,2025-05-04,1098,2083,404,3,2304.48,24.66,GiftCard
802,2025-05-04,1009,2022,403,3,2684.72,27.19,GiftCard
803,2025-05-04,1036,2079,404,0,950.54,19.04,GiftCard
804,2025-05-04,1101,2042,402,0,335.22,3.71,PayPal
806,2025-05-04,1005,2043,403,2,2096.28,17.51,GiftCard
807,2025-05-04,1071,2062,401,1,557.42,8.71,PayPal
808,2025-05-04,1034,2038,404,2,2223.62,6.6,Wiretransfer
809,2025-05-04,1068,2093,404,0,2267.82,18.41,Wiretransfer
810,2025-05-04,1048,2056,402,3,524.72,29.13,PayPal
811,2025-05-04,1189,2062,403,0,1858.08,23.63,PayPal
813,2025-05-04,1181,2064,404,1,264.64,5.25,Credit Card
815,2025-05-04,1049,2025,401,1,503.32,5.95,Wiretransfer
817,2025-05-04,1180,2025,403,2,894.78,29.46,GiftCard
818,2025-05-04,1118,2064,404,0,882.12,20.98,GiftCard
819,2025-05-04,1174,2003,402,2,308.14,4.28,PayPal
820,2025-05-04,1125,2076,404,1,725.46,15.26,GiftCard
821,2025-05-04,1121,2075,403,2,2498.05,5.6,Wiretransfer
822,2025-05-04,1041,2033,401,2,669.0,19.3,PayPal
823,2025-05-04,1007,2049,401,1,845.86,22.18,Wiretransfer
824,2025-05-04,1146,2099,402,1,581.69,0.34,Credit Card
825,2025-05-04,1165,2028,402,2,1531.06,15.26,Credit Card
826,2025-05-04,1166,2052,401,0,731.26,29.59,GiftCard
827,2025-05-04,1121,2016,402,0,646.04,27.42,Credit Card
828,2025-05-04,1057,2032,403,2,3782.4,7.96,Wiretransfer
829,2025-05-04,1108,2048,403,3,357.63,12.58,Credit Card
830,2025-05-04,1064,2027,404,2,413.78,19.23,GiftCard
831,2025-05-04,1173,2066,404,0,2580.3,14.91,Wiretransfer
832,2025-05-04,1001,2065,403,2,376.27,15.59,Wiretransfer
833,2025-05-04,1076,2087,401,3,796.6,21.12,GiftCard
834,2025-05-04,1016,2043,403,2,2795.04,10.81,PayPal
835,2025-05-04,1070,2033,403,1,752.62,2.83,GiftCard
836,2025-05-04,1038,2066,402,0,1032.12,1.33,Credit Card
837,2025-05-04,1153,2051,403,1,316.76,10.33,Wiretransfer
838,2025-05-04,1184,2003,404,2,1848.86,23.02,Credit Card
840,2025-05-04,1188,2004,402,2,2967.2,5.16,Wiretransfer
841,2025-05-04,1185,2091,402,3,3623.16,28.36,Credit Card
842,2025-05-04,1171,2045,403,1,280.93,29.99,Credit Card
844,2025-05-04,1024,2060,402,2,326.7,4.9,Wiretransfer
845,2025-05-04,1185,2071,402,2,984.26,7.58,Wiretransfer
846,2025-05-04,1167,2011,402,2,327.79,20.13,Wiretransfer
847,2025-05-04,1057,2095,403,3,2453.95,12.41,Wiretransfer
848,2025-05-04,1084,2047,403,2,803.95,13.77,PayPal
849,2025-05-04,1118,2015,404,0,4049.82,29.23,Credit Card
850,2025-05-04,1162,2074,401,3,659.5,12.63,Wiretransfer
852,2025-05-04,1135,2038,404,0,926.51,13.4,PayPal
853,2025-05-04,1038,2017,402,2,741.92,2.13,GiftCard
854,2025-05-04,1104,2072,404,1,1134.81,27.68,GiftCard
855,2025-05-04,1080,2091,402,0,2717.37,18.71,GiftCard
857,2025-05-04,1162,2007,401,3,583.39,22.27,Credit Card
858,2025-05-04,1070,2026,402,1,190.4,26.96,PayPal
859,2025-05-04,1125,2097,401,1,3031.56,29.17,Wiretransfer
860,2025-05-04,1157,2055,404,3,53.94,20.12,Wiretransfer
861,2025-05-04,1109,2061,404,0,799.68,0.21,Credit Card
863,2025-05-04,1003,2041,402,0,2412.63,4.16,Wiretransfer
864,2025-05-04,1173,2000,402,1,872.38,24.07,Wiretransfer
865,2025-05-04,1177,2044,403,1,373.64,25.87,GiftCard
866,2025-05-04,1026,2049,403,1,3383.42,17.05,Wiretransfer
867,2025-05-04,1016,2005,403,2,686.05,4.72,Wiretransfer
868,2025-05-04,1116,2093,403,3,755.94,28.9,Wiretransfer
869,2025-05-04,1175,2017,403,3,463.7,6.89,PayPal
870,2025-05-04,1091,2096,402,1,1209.92,25.53,Wiretransfer
871,2025-05-04,1103,2002,402,1,779.4,18.34,Credit Card
872,2025-05-04,1186,2016,402,0,646.04,20.34,PayPal
873,2025-05-04,1150,2064,402,0,294.04,28.67,Credit Card
874,2025-05-04,1093,2091,401,3,2717.37,23.54,GiftCard
876,2025-05-04,1169,2013,401,0,935.36,1.54,Wiretransfer
877,2025-05-04,1176,2014,404,3,1231.5,21.89,Credit Card
878,2025-05-04,1097,2015,403,3,2699.88,20.39,GiftCard
879,2025-05-04,1179,2019,402,0,1867.86,6.91,GiftCard
880,2025-05-04,1077,2053,401,2,976.24,1.2,PayPal
881,2025-05-04,1159,2077,402,3,561.83,11.37,Credit Card
882,2025-05-04,1026,2065,401,2,1881.36,27.9,Wiretransfer
884,2025-05-04,1155,2025,403,1,503.32,6.96,GiftCard
885,2025-05-04,1091,2090,404,2,171.94,10.44,GiftCard
886,2025-05-04,1041,2005,404,1,385.9,11.41,Credit Card
887,2025-05-04,1176,2061,403,1,359.86,2.76,GiftCard
888,2025-05-04,1000,2001,401,0,1649.4,23.3,Credit Card
889,2025-05-04,1146,2085,404,1,653.81,25.43,GiftCard
890,2025-05-04,1023,2099,401,0,1292.64,25.46,PayPal
891,2025-05-04,1065,2082,402,3,266.6,15.01,Wiretransfer
893,2025-05-04,1025,2022,401,2,1073.89,3.38,GiftCard
897,2025-05-04,1091,2056,403,0,1049.44,20.23,Wiretransfer
899,2025-05-04,1102,2051,404,2,93.86,7.52,GiftCard
902,2025-05-04,1178,2092,401,1,867.98,29.38,GiftCard
903,2025-05-04,1026,2053,404,3,1830.45,2.48,Credit Card
905,2025-05-04,1156,2003,402,3,1925.9,19.29,Wiretransfer
907,2025-05-04,1011,2008,403,2,106.54,12.92,Credit Card
908,2025-05-04,1003,2090,402,2,57.31,8.07,Credit Card
909,2025-05-04,1132,2066,401,3,1548.18,15.7,GiftCard
910,2025-05-04,1169,2093,402,3,755.94,4.96,Wiretransfer
912,2025-05-04,1142,2078,401,0,568.04,20.94,PayPal
913,2025-05-04,1164,2020,404,3,1879.15,19.59,Wiretransfer
914,2025-05-04,1042,2009,404,2,53.05,16.68,Wiretransfer
915,2025-05-04,1061,2042,403,0,167.61,11.99,GiftCard
917,2025-05-04,1060,2010,404,3,544.88,18.03,GiftCard
918,2025-05-04,1146,2057,401,3,436.98,14.54,GiftCard
919,2025-05-04,1114,2040,401,3,34.54,7.15,Credit Card
920,2025-05-04,1190,2083,401,0,2304.48,10.96,Wiretransfer
921,2025-05-04,1103,2052,401,0,2193.78,29.91,PayPal
922,2025-05-04,1023,2077,403,1,505.65,10.09,PayPal
923,2025-05-04,1167,2085,404,2,387.44,3.74,Credit Card
924,2025-05-04,1093,2006,402,3,594.0,17.41,GiftCard
925,2025-05-04,1084,2071,404,2,492.13,6.04,Credit Card
926,2025-05-04,1183,2057,401,0,873.96,12.17,Wiretransfer
927,2025-05-04,1194,2084,402,0,563.7,11.54,PayPal
928,2025-05-04,1087,2045,403,2,499.42,13.76,GiftCard
929,2025-05-04,1179,2013,401,1,1683.65,1.91,PayPal
930,2025-05-04,1126,2017,404,0,927.4,2.92,PayPal
931,2025-05-04,1065,2078,402,1,127.81,1.37,PayPal
932,2025-05-04,1030,2050,402,3,186.78,16.08,Wiretransfer
933,2025-05-04,1005,2024,403,0,621.35,3.15,GiftCard
934,2025-05-04,1193,2053,401,0,1830.45,15.01,Wiretransfer
935,2025-05-04,1197,2057,404,1,1179.85,24.31,PayPal
936,2025-05-04,1127,2000,401,3,969.31,3.35,Wiretransfer
937,2025-05-04,1149,2061,402,1,359.86,27.97,GiftCard
938,2025-05-04,1187,2016,401,3,2584.16,20.3,PayPal
939,2025-05-04,1168,2076,403,3,2418.21,13.55,GiftCard
940,2025-05-04,1107,2077,402,2,898.93,21.83,Credit Card
941,2025-05-04,1101,2043,403,3,3493.8,24.84,Wiretransfer
943,2025-05-04,1179,2070,403,1,61.52,2.99,Credit Card
944,2025-05-04,1051,2026,403,2,338.5,3.43,Wiretransfer
946,2025-05-04,1181,2014,403,3,246.3,4.16,Wiretransfer
947,2025-05-04,1149,2073,404,2,799.09,4.56,GiftCard
948,2025-05-04,1108,2001,401,0,412.35,19.73,Credit Card
949,2025-05-04,1097,2018,401,0,1084.52,28.59,GiftCard
950,2025-05-04,1051,2034,402,2,217.87,25.74,GiftCard
951,2025-05-04,1174,2032,402,0,4728.0,19.86,GiftCard
952,2025-05-04,1176,2037,402,0,720.28,28.19,Credit Card
953,2025-05-04,1091,2057,401,1,786.56,16.83,Wiretransfer
954,2025-05-04,1190,2082,404,1,239.94,10.58,Credit Card
955,2025-05-04,1130,2089,403,0,413.52,25.11,Wiretransfer
958,2025-05-04,1051,2079,404,1,1710.97,4.92,PayPal
959,2025-05-04,1162,2090,403,1,257.9,9.92,Wiretransfer
960,2025-05-04,1198,2092,402,2,771.54,22.97,Credit Card
962,2025-05-04,1044,2094,401,3,493.35,14.91,Wiretransfer
963,2025-05-04,1010,2054,403,2,720.41,27.62,GiftCard
964,2025-05-04,1033,2020,403,0,751.66,25.83,GiftCard
967,2025-05-04,1125,2073,403,0,1997.72,10.37,Wiretransfer
968,2025-05-04,1005,2090,403,1,193.43,18.9,Credit Card
969,2025-05-04,1047,2066,401,1,464.45,6.58,Credit Card
973,2025-05-04,1192,2079,404,0,950.54,0.11,PayPal
974,2025-05-04,1029,2085,403,3,726.45,5.14,Wiretransfer
975,2025-05-04,1061,2082,402,0,533.2,8.96,Wiretransfer
976,2025-05-04,1174,2041,404,0,804.21,25.82,PayPal
979,2025-05-04,1124,2005,403,1,1157.71,27.26,Credit Card
980,2025-05-04,1082,2065,401,0,1411.02,21.95,PayPal
981,2025-05-04,1042,2098,401,0,4539.3,1.93,GiftCard
982,2025-05-04,1053,2085,402,3,726.45,17.45,GiftCard
983,2025-05-04,1026,2026,404,0,423.12,9.95,PayPal
985,2025-05-04,1117,2091,403,0,1811.58,11.34,GiftCard
986,2025-05-04,1022,2009,401,1,119.36,15.55,PayPal
987,2025-05-04,1064,2071,401,1,1107.29,22.75,Wiretransfer
988,2025-05-04,1066,2052,404,3,5118.82,25.67,Credit Card
989,2025-05-04,1161,2051,404,2,375.42,24.01,PayPal
990,2025-05-04,1004,2049,401,0,939.84,14.97,Wiretransfer
991,2025-05-04,1164,2092,401,0,2893.26,2.66,Wiretransfer
992,2025-05-04,1179,2009,403,0,66.31,15.12,Credit Card
993,2025-05-04,1074,2087,403,0,477.96,26.32,PayPal
994,2025-05-04,1072,2097,404,3,842.1,17.49,Credit Card
995,2025-05-04,1101,2084,401,3,1127.4,20.03,Wiretransfer
996,2025-05-04,1040,2068,402,1,2952.86,20.64,Wiretransfer
997,2025-05-04,1191,2050,403,1,504.31,18.46,Credit Card
998,2025-05-04,1076,2086,403,0,2682.3,17.81,Credit Card
999,2025-05-04,1141,2071,402,0,1230.32,10.86,Wiretransfer
1000,2025-05-04,1010,2000,404,0,3877.24,15.25,PayPal
1001,2025-05-04,1078,2026,403,1,761.62,25.76,GiftCard
1002,2025-05-04,1105,2082,402,1,239.94,11.9,Wiretransfer
1003,2025-05-04,1047,2028,403,1,1148.29,26.69,PayPal
1004,2025-05-04,1029,2023,401,3,2818.62,1.33,Credit Card
1005,2025-05-04,1165,2070,401,2,54.69,29.38,PayPal
1006,2025-05-04,1171,2008,403,0,133.18,3.21,GiftCard
1007,2025-05-04,1050,2092,404,2,771.54,26.83,Credit Card
1008,2025-05-04,1091,2016,402,0,1292.08,12.77,Wiretransfer
1009,2025-05-04,1072,2079,401,1,855.49,8.62,Credit Card
1010,2025-05-04,1081,2062,404,2,495.49,13.1,Wiretransfer
1011,2025-05-04,1157,2084,403,1,253.67,22.87,Credit Card
1012,2025-05-04,1144,2072,403,2,672.48,24.64,Credit Card
1013,2025-05-04,1109,2021,401,2,668.33,16.81,PayPal
1014,2025-05-04,1063,2028,404,2,510.35,17.59,Credit Card
1015,2025-05-04,1092,2017,403,3,1854.8,4.79,Credit Card
1016,2025-05-04,1118,2057,403,2,699.17,20.57,Wiretransfer
1017,2025-05-04,1124,2070,401,1,30.76,29.6,GiftCard
1018,2025-05-04,1165,2077,401,2,449.46,17.34,GiftCard
1019,2025-05-04,1035,2068,402,2,1968.58,25.02,GiftCard
1021,2025-05-04,1004,2064,401,3,882.12,1.11,PayPal
1022,2025-05-04,1196,2075,402,0,2341.92,13.34,GiftCard
1024,2025-05-04,1093,2050,402,2,448.27,14.91,Wiretransfer
1025,2025-05-04,1034,2059,401,3,1536.15,11.98,Credit Card
1026,2025-05-04,1093,2064,401,1,793.91,21.86,GiftCard
1027,2025-05-04,1157,2087,402,1,286.78,23.46,PayPal
1028,2025-05-04,1114,2020,402,1,676.49,5.73,Wiretransfer
1029,2025-05-04,1188,2093,404,2,1814.26,22.19,PayPal
1030,2025-05-04,1010,2028,404,1,1148.29,2.93,Credit Card
1031,2025-05-04,1016,2033,403,1,2257.88,10.25,Wiretransfer
1032,2025-05-04,1010,2085,402,2,387.44,8.78,Credit Card
1034,2025-05-04,1010,2083,403,0,768.16,0.9,Credit Card
1035,2025-05-04,1180,2066,403,2,1238.54,26.1,Credit Card
1036,2025-05-04,1148,2069,402,3,697.17,23.99,PayPal
1037,2025-05-04,1167,2048,403,0,1072.89,11.77,GiftCard
1038,2025-05-04,1132,2032,404,1,851.04,6.21,Credit Card
1039,2025-05-04,1132,2051,403,2,187.71,19.59,GiftCard
1041,2025-05-04,1112,2021,402,0,835.41,12.41,Credit Card
1042,2025-05-04,1131,2082,403,1,239.94,23.88,Credit Card
1044,2025-05-04,1154,2091,401,1,3260.84,4.36,Credit Card
1045,2025-05-04,1106,2042,401,3,1173.27,19.22,GiftCard
1046,2025-05-04,1172,2061,404,1,719.71,28.93,Credit Card
1047,2025-05-04,1151,2020,404,0,1127.49,8.54,Credit Card
1048,2025-05-04,1062,2005,402,1,385.9,12.61,Credit Card
1049,2025-05-04,1034,2080,401,1,2996.14,22.4,PayPal
1050,2025-05-04,1014,2021,403,1,1503.74,7.1,Credit Card
1051,2025-05-04,1132,2051,401,2,281.57,7.88,Credit Card
1052,2025-05-04,1021,2027,404,3,775.83,22.53,GiftCard
1054,2025-05-04,1153,2018,402,2,867.62,16.82,Wiretransfer
1055,2025-05-04,1042,2092,403,3,1446.63,17.48,PayPal
1056,2025-05-04,1152,2075,401,1,2107.73,12.46,Credit Card
1057,2025-05-04,1096,2049,402,0,939.84,19.92,Credit Card
1059,2025-05-04,1155,2012,402,3,623.19,20.03,Credit Card
1060,2025-05-04,1157,2076,401,0,2418.21,4.26,PayPal
1061,2025-05-04,1023,2061,402,0,199.92,24.74,GiftCard
1062,2025-05-04,1198,2086,404,3,894.1,27.35,Credit Card
1063,2025-05-04,1094,2005,404,1,771.8,0.76,GiftCard
1064,2025-05-04,1123,2098,404,2,3631.44,24.08,Wiretransfer
1065,2025-05-04,1150,2094,401,3,2466.75,14.03,GiftCard
1066,2025-05-04,1034,2032,404,1,1702.08,15.25,Wiretransfer
1067,2025-05-04,1021,2036,404,2,348.77,11.36,Wiretransfer
1068,2025-05-04,1048,2000,401,0,4846.55,19.81,Wiretransfer
1069,2025-05-04,1133,2000,404,1,872.38,2.17,Credit Card
1070,2025-05-04,1176,2040,404,2,55.26,23.99,GiftCard
1072,2025-05-04,1066,2068,404,2,1968.58,5.3,Wiretransfer
1075,2025-05-04,1094,2071,404,2,984.26,1.83,GiftCard
1076,2025-05-04,1078,2073,403,3,499.43,5.42,Wiretransfer
1077,2025-05-04,1188,2017,401,1,417.33,27.61,Wiretransfer
1078,2025-05-04,1114,2089,402,0,827.04,21.28,GiftCard
1079,2025-05-04,1054,2065,404,2,376.27,11.46,Credit Card
1080,2025-05-04,1140,2078,401,1,255.62,7.19,PayPal
1081,2025-05-04,1099,2081,401,0,1492.44,25.31,Credit Card
1082,2025-05-04,1037,2060,404,0,1225.14,1.7,Credit Card
1083,2025-05-04,1016,2033,402,2,2007.0,28.67,GiftCard
1084,2025-05-04,1020,2077,401,3,561.83,27.89,Credit Card
1085,2025-05-04,1102,2078,403,0,142.01,8.8,Wiretransfer
1086,2025-05-04,1198,2022,404,3,671.18,20.21,Credit Card
1087,2025-05-04,1002,2025,403,1,503.32,21.96,Credit Card
1088,2025-05-04,1008,2076,402,1,1450.93,14.01,Wiretransfer
1089,2025-05-04,1172,2004,403,1,834.52,3.61,PayPal
1090,2025-05-04,1167,2000,402,0,969.31,5.79,PayPal
1091,2025-05-04,1070,2099,404,2,1551.17,14.13,Wiretransfer
1092,2025-05-04,1171,2050,404,1,168.1,11.15,PayPal
1094,2025-05-04,1140,2036,403,2,348.77,22.51,PayPal
1095,2025-05-04,1070,2028,402,3,2551.76,7.44,PayPal
1097,2025-05-04,1044,2052,401,0,2193.78,9.38,Wiretransfer
1099,2025-05-04,1131,2032,403,3,4728.0,14.59,PayPal
1100,2025-05-04,1096,2072,404,1,378.27,4.67,GiftCard
1101,2025-05-04,1193,2043,404,3,2620.35,7.29,PayPal
1102,2025-05-04,1150,2003,404,0,1155.54,10.56,Credit Card
1103,2025-05-04,1066,2008,404,1,59.93,17.15,PayPal
1105,2025-05-04,1105,2045,401,2,499.42,22.2,PayPal
1106,2025-05-04,1063,2036,401,3,653.94,22.22,GiftCard
1107,2025-05-04,1172,2095,403,0,981.58,22.86,Credit Card
1109,2025-05-04,1090,2027,403,1,698.25,18.82,Wiretransfer
1110,2025-05-04,1191,2087,402,3,955.92,12.46,Wiretransfer
1111,2025-05-04,1188,2025,402,1,251.66,8.33,Wiretransfer
1113,2025-05-04,1063,2079,403,1,1710.97,18.63,PayPal
1114,2025-05-04,1199,2013,401,0,5612.16,15.31,PayPal
1115,2025-05-04,1173,2084,404,0,281.85,4.87,Credit Card
1116,2025-05-04,1195,2069,401,3,697.17,9.85,Wiretransfer
1117,2025-05-04,1095,2079,403,3,950.54,1.13,PayPal
1118,2025-05-04,1147,2035,404,1,809.99,6.91,GiftCard
1119,2025-05-04,1195,2065,403,3,1411.02,25.2,Wiretransfer
1121,2025-05-04,1134,2054,404,0,3602.04,12.9,PayPal
1122,2025-05-04,1128,2044,404,1,373.64,12.38,Credit Card
1123,2025-05-04,1117,2015,404,2,1619.93,12.41,Wiretransfer
1124,2025-05-04,1176,2001,401,1,371.12,19.98,Credit Card
1125,2025-05-04,1097,2074,401,2,527.6,6.99,PayPal
1126,2025-05-04,1092,2078,403,1,383.43,29.4,Wiretransfer
1127,2025-05-04,1140,2033,402,2,1338.0,29.15,Wiretransfer
1130,2025-05-04,1107,2089,403,2,330.82,28.66,PayPal
1131,2025-05-04,1102,2035,404,1,1619.98,1.57,Wiretransfer
1133,2025-05-04,1184,2034,402,3,680.85,19.61,GiftCard
1134,2025-05-04,1097,2025,402,1,1258.29,19.28,Wiretransfer
1137,2025-05-04,1076,2032,401,3,6619.2,27.05,Credit Card
1139,2025-05-04,1055,2032,404,0,945.6,2.6,Wiretransfer
1141,2025-05-04,1092,2046,403,2,80.23,13.13,Credit Card
1142,2025-05-04,1005,2052,401,2,1170.02,29.89,PayPal
1143,2025-05-04,1173,2077,402,1,1516.94,13.66,PayPal
1144,2025-05-04,1199,2036,403,2,871.92,21.84,Wiretransfer
1145,2025-05-04,1172,2065,404,3,2822.04,15.83,Wiretransfer
1146,2025-05-04,1020,2048,403,3,1072.89,16.97,PayPal
1147,2025-05-04,1161,2018,402,2,1301.42,2.26,Wiretransfer
1149,2025-05-04,1020,2020,403,1,1014.74,22.31,GiftCard
1150,2025-05-04,1080,2040,403,2,55.26,19.86,GiftCard
1151,2025-05-04,1154,2082,404,2,639.84,10.0,PayPal
1152,2025-05-04,1113,2099,403,3,646.32,21.7,Credit Card
1153,2025-05-04,1105,2021,402,0,835.41,27.67,PayPal
1154,2025-05-04,1032,2093,402,2,2419.01,16.72,GiftCard
1156,2025-05-04,1042,2050,401,0,1120.68,3.43,Credit Card
1157,2025-05-04,1016,2060,401,0,816.76,20.95,Wiretransfer
1158,2025-05-04,1197,2050,401,0,560.34,6.87,Credit Card
1159,2025-05-04,1067,2079,402,0,1901.08,5.44,GiftCard
1161,2025-05-04,1063,2094,403,3,493.35,2.02,GiftCard
1163,2025-05-04,1007,2004,403,2,2225.4,28.54,Credit Card
1164,2025-05-04,1121,2059,403,3,2048.2,29.44,GiftCard
1165,2025-05-04,1034,2089,402,3,2481.12,9.34,Wiretransfer
1166,2025-05-04,1161,2095,404,2,392.63,15.63,Wiretransfer
1167,2025-05-04,1088,2061,402,0,799.68,24.99,Credit Card
1168,2025-05-04,1113,2039,403,3,976.44,16.34,Credit Card
1169,2025-05-04,1066,2019,403,0,933.93,27.1,GiftCard
1170,2025-05-04,1000,2066,402,2,412.85,5.36,PayPal
1172,2025-05-04,1193,2061,403,0,199.92,5.93,Wiretransfer
1173,2025-05-04,1196,2055,403,1,194.18,18.01,Credit Card
1174,2025-05-04,1001,2070,403,1,61.52,19.74,Credit Card
1175,2025-05-04,1105,2071,404,3,615.16,17.85,GiftCard
1176,2025-05-04,1063,2020,404,3,375.83,18.85,PayPal
1177,2025-05-04,1056,2033,401,3,836.25,3.83,GiftCard
1178,2025-05-04,1160,2030,403,2,271.95,0.5,Wiretransfer
1179,2025-05-04,1166,2095,403,3,1472.37,21.48,Credit Card
1181,2025-05-04,1074,2014,404,3,738.9,3.84,Credit Card
1182,2025-05-04,1069,2089,404,1,372.17,23.34,PayPal
1183,2025-05-04,1082,2002,402,0,1732.0,14.0,GiftCard
1184,2025-05-04,1136,2002,402,0,1732.0,16.86,Wiretransfer
1186,2025-05-04,1186,2001,402,0,824.7,20.15,PayPal
1188,2025-05-04,1087,2053,403,3,2440.6,15.07,GiftCard
1189,2025-05-04,1095,2059,401,2,1638.56,0.56,PayPal
1190,2025-05-04,1020,2096,402,0,2688.72,28.42,PayPal
1191,2025-05-04,1068,2099,404,0,1938.96,17.05,PayPal
1193,2025-05-04,1064,2048,401,0,715.26,11.92,Credit Card
1195,2025-05-04,1197,2056,402,0,1049.44,12.77,Credit Card
1196,2025-05-04,1050,2058,401,1,1800.22,8.66,PayPal
1197,2025-05-04,1121,2049,403,2,751.87,27.01,PayPal
1198,2025-05-04,1040,2080,401,0,1664.52,5.96,Wiretransfer
1199,2025-05-04,1064,2061,403,1,179.93,10.55,Wiretransfer
1200,2025-05-04,1092,2006,402,0,198.0,5.12,GiftCard
1201,2025-05-04,1060,2081,404,2,1193.95,25.42,PayPal
1202,2025-05-04,1003,2021,403,0,2506.23,10.21,PayPal
1205,2025-05-04,1095,2098,401,1,2451.22,11.47,Credit Card
1206,2025-05-04,1040,2063,401,2,883.94,20.45,Credit Card
1207,2025-05-04,1194,2080,401,0,1664.52,20.49,PayPal
1209,2025-05-04,1032,2062,402,2,1981.95,12.17,Wiretransfer
1210,2025-05-04,1142,2082,403,3,799.8,22.7,Credit Card
1211,2025-05-04,1187,2024,401,3,372.81,8.72,GiftCard
1212,2025-05-04,1091,2092,402,2,385.77,21.67,Credit Card
1213,2025-05-04,1010,2062,404,2,990.98,19.42,Credit Card
1214,2025-05-04,1138,2089,404,1,744.34,2.86,Wiretransfer
1215,2025-05-04,1145,2023,403,2,1503.26,11.81,GiftCard
1216,2025-05-04,1187,2059,403,1,1843.38,28.19,PayPal
1218,2025-05-04,1075,2033,403,3,836.25,21.57,PayPal
1219,2025-05-04,1000,2099,404,1,2326.75,13.07,GiftCard
1222,2025-05-04,1048,2067,404,1,785.56,22.28,GiftCard
1224,2025-05-04,1164,2041,401,0,804.21,16.2,GiftCard
1226,2025-05-04,1033,2022,401,1,604.06,8.88,Wiretransfer
1227,2025-05-04,1027,2062,402,0,1238.72,6.36,GiftCard
1228,2025-05-04,1008,2073,404,3,1498.29,2.92,Credit Card
1229,2025-05-04,1134,2079,403,0,950.54,28.55,Wiretransfer
1230,2025-05-04,1093,2028,401,0,1275.88,17.8,GiftCard
1231,2025-05-04,1053,2083,404,0,2304.48,24.32,Wiretransfer
1233,2025-05-04,1142,2095,404,2,1177.9,20.46,GiftCard
1234,2025-05-04,1181,2007,403,0,583.39,8.48,PayPal
1235,2025-05-04,1187,2009,403,0,265.24,7.67,Credit Card
1237,2025-05-04,1185,2029,404,1,12.16,4.53,Credit Card
1238,2025-05-04,1049,2067,402,1,261.86,6.68,GiftCard
1239,2025-05-04,1142,2095,404,0,1963.16,14.87,Credit Card
1240,2025-05-04,1196,2081,403,3,746.22,24.77,Wiretransfer
1241,2025-05-04,1179,2085,404,0,242.15,7.03,Credit Card
1242,2025-05-04,1042,2023,404,2,2254.9,7.69,Credit Card
1245,2025-05-04,1105,2097,404,2,673.68,10.03,PayPal
1246,2025-05-04,1155,2030,402,3,509.91,11.11,Wiretransfer
1247,2025-05-04,1196,2070,403,2,27.34,19.46,PayPal
1248,2025-05-04,1115,2057,404,0,1747.92,25.44,PayPal
1249,2025-05-04,1185,2004,403,0,2781.75,18.45,Credit Card
1251,2025-05-04,1076,2028,402,2,1020.7,21.99,GiftCard
1252,2025-05-04,1005,2098,403,1,3268.3,20.7,PayPal
1253,2025-05-04,1024,2004,404,2,1483.6,0.65,GiftCard
1254,2025-05-04,1039,2017,403,2,370.96,17.45,Credit Card
1255,2025-05-04,1149,2031,402,2,904.48,17.83,Credit Card
1256,2025-05-04,1076,2011,404,1,737.53,25.03,Wiretransfer
1257,2025-05-04,1187,2009,403,3,198.93,0.15,PayPal
1258,2025-05-04,1044,2062,401,2,495.49,8.53,GiftCard
1260,2025-05-04,1199,2007,403,2,1400.14,4.95,PayPal
1261,2025-05-04,1111,2053,401,1,3294.81,7.12,GiftCard
1262,2025-05-04,1191,2083,401,3,768.16,3.82,PayPal
1265,2025-05-04,1128,2089,402,1,744.34,26.52,Wiretransfer
1266,2025-05-04,1012,2086,404,3,2682.3,14.01,Wiretransfer
1267,2025-05-04,1192,2076,401,1,1450.93,19.21,Wiretransfer
1268,2025-05-04,1110,2037,404,1,324.13,16.79,GiftCard
1269,2025-05-04,1033,2043,401,3,4367.25,15.08,Credit Card
1270,2025-05-04,1146,2095,401,3,1963.16,13.86,GiftCard
1272,2025-05-04,1198,2089,402,1,744.34,17.74,Wiretransfer
1273,2025-05-04,1123,2071,402,3,1845.48,0.67,GiftCard
1274,2025-05-04,1101,2083,402,1,2074.03,12.19,Wiretransfer
1275,2025-05-04,1062,2009,403,3,66.31,8.17,Credit Card
1276,2025-05-04,1082,2087,401,0,318.64,4.15,Wiretransfer
1278,2025-05-04,1089,2024,403,2,298.25,22.3,Credit Card
1279,2025-05-04,1152,2083,401,2,1843.58,24.33,PayPal
1280,2025-05-04,1043,2044,404,1,373.64,12.92,Wiretransfer
1282,2025-05-04,1175,2047,402,0,1004.94,20.01,GiftCard
1283,2025-05-04,1028,2094,401,1,888.03,20.0,Wiretransfer
1284,2025-05-04,1158,2018,403,0,2169.04,13.78,Wiretransfer
1285,2025-05-04,1087,2088,401,2,567.48,0.91,GiftCard
1286,2025-05-04,1115,2060,401,2,980.11,24.17,Credit Card
1287,2025-05-04,1053,2094,402,1,888.03,10.91,GiftCard
1288,2025-05-04,1139,2066,403,3,2580.3,23.24,PayPal
1290,2025-05-04,1096,2074,401,2,1055.2,14.18,GiftCard
1291,2025-05-04,1043,2007,403,1,525.05,28.84,Wiretransfer
1292,2025-05-04,1178,2079,403,0,950.54,14.24,Wiretransfer
1293,2025-05-04,1119,2083,401,0,768.16,21.34,Wiretransfer
1295,2025-05-04,1027,2002,403,3,866.0,19.08,PayPal
1296,2025-05-04,1059,2048,401,2,572.21,15.03,Wiretransfer
1297,2025-05-04,1124,2076,401,1,2176.39,15.51,Credit Card
1298,2025-05-04,1050,2064,404,0,1470.2,20.23,GiftCard
1299,2025-05-04,1010,2031,403,2,1356.72,24.54,Credit Card
1300,2025-05-04,1125,2050,402,0,373.56,19.16,GiftCard
1301,2025-05-04,1088,2087,403,2,509.82,6.05,GiftCard
1302,2025-05-04,1160,2038,402,2,2223.62,7.56,Wiretransfer
1304,2025-05-04,1007,2071,403,1,553.64,28.24,Credit Card
1305,2025-05-04,1038,2043,404,1,786.1,28.46,Wiretransfer
1306,2025-05-04,1022,2093,404,1,2721.38,12.4,Credit Card
1307,2025-05-04,1106,2030,402,3,1019.82,7.42,Credit Card
1308,2025-05-04,1079,2077,403,3,561.83,16.61,Wiretransfer
1309,2025-05-04,1138,2016,402,1,872.15,6.84,Credit Card
1310,2025-05-04,1148,2069,402,1,418.3,29.95,GiftCard
1311,2025-05-04,1079,2088,402,3,709.35,11.73,PayPal
1312,2025-05-04,1197,2018,402,2,867.62,19.08,Wiretransfer
1313,2025-05-04,1017,2071,401,1,553.64,8.98,GiftCard
1314,2025-05-04,1081,2018,401,2,867.62,8.35,Wiretransfer
1315,2025-05-04,1105,2052,403,3,731.26,20.56,PayPal
1317,2025-05-04,1199,2024,401,1,223.69,13.73,GiftCard
1318,2025-05-04,1047,2003,403,1,346.66,0.21,GiftCard
1319,2025-05-04,1152,2029,402,0,27.02,1.87,GiftCard
1320,2025-05-04,1091,2010,404,1,210.17,2.97,Credit Card
1323,2025-05-04,1035,2020,402,1,676.49,9.75,GiftCard
1324,2025-05-04,1008,2052,401,2,585.01,20.4,GiftCard
1325,2025-05-04,1105,2028,402,1,1148.29,22.7,Wiretransfer
1327,2025-05-04,1176,2041,404,1,1447.58,20.44,Wiretransfer
1328,2025-05-04,1109,2051,401,3,469.28,2.96,PayPal
1329,2025-05-04,1184,2040,404,0,103.62,23.21,GiftCard
1330,2025-05-04,1133,2013,404,3,3741.44,27.51,PayPal
1331,2025-05-04,1010,2031,404,0,1130.6,7.2,Wiretransfer
1333,2025-05-04,1074,2056,404,2,839.55,19.47,PayPal
1334,2025-05-04,1198,2036,404,1,392.36,25.55,PayPal
1335,2025-05-04,1108,2037,401,1,648.25,16.96,GiftCard
1336,2025-05-04,1118,2082,404,0,799.8,18.16,Credit Card
1337,2025-05-04,1184,2064,401,1,264.64,19.83,GiftCard
1338,2025-05-04,1199,2074,402,3,1978.5,16.52,PayPal
1341,2025-05-04,1023,2032,403,1,1702.08,19.41,GiftCard
1342,2025-05-04,1183,2093,401,0,2267.82,13.8,PayPal
1343,2025-05-04,1029,2090,404,2,57.31,2.69,GiftCard
1344,2025-05-04,1021,2067,404,1,261.86,3.9,PayPal
1345,2025-05-04,1096,2070,404,0,136.72,28.86,Wiretransfer
1346,2025-05-04,1196,2021,403,1,751.87,22.3,GiftCard
1347,2025-05-04,1041,2018,402,0,1084.52,11.69,Credit Card
1349,2025-05-04,1073,2080,402,0,3329.04,10.1,PayPal
1350,2025-05-04,1033,2025,401,2,671.09,3.34,PayPal
1351,2025-05-04,1003,2058,404,3,2000.25,5.7,Wiretransfer
1352,2025-05-04,1139,2000,404,1,1744.76,10.18,PayPal
1353,2025-05-04,1055,2075,404,3,3122.56,29.51,Wiretransfer
1354,2025-05-04,1104,2056,401,0,1574.16,7.07,GiftCard
1355,2025-05-04,1062,2070,403,1,30.76,9.14,Credit Card
1356,2025-05-04,1012,2023,402,0,2818.62,25.87,GiftCard
1357,2025-05-04,1167,2044,401,1,560.47,25.23,Wiretransfer
1359,2025-05-04,1022,2006,401,3,990.0,14.65,Credit Card
1360,2025-05-04,1045,2020,403,1,1352.99,16.77,Wiretransfer
1361,2025-05-04,1116,2095,403,0,981.58,14.09,PayPal
1362,2025-05-04,1023,2098,403,2,1452.58,25.08,GiftCard
1363,2025-05-04,1094,2048,401,3,1072.89,12.46,Wiretransfer
1365,2025-05-04,1034,2015,403,2,1079.95,13.31,Wiretransfer
1366,2025-05-04,1134,2052,402,1,1316.27,13.48,PayPal
1367,2025-05-04,1156,2007,401,0,1750.17,11.25,Credit Card
1369,2025-05-04,1155,2040,403,2,27.63,26.84,Credit Card
1370,2025-05-04,1033,2078,404,3,568.04,10.03,Credit Card
1371,2025-05-04,1126,2023,402,2,2254.9,21.45,GiftCard
1372,2025-05-04,1049,2000,401,0,3877.24,22.3,GiftCard
1374,2025-05-04,1157,2053,404,0,1830.45,16.98,GiftCard
1375,2025-05-04,1085,2044,402,0,207.58,16.4,Credit Card
1376,2025-05-04,1163,2025,403,2,447.39,7.94,Credit Card
1377,2025-05-04,1017,2039,403,2,3905.76,23.71,PayPal
1380,2025-05-04,1049,2042,403,3,670.44,5.79,PayPal
1381,2025-05-04,1121,2004,402,3,3709.0,3.97,GiftCard
1382,2025-05-04,1039,2080,404,2,665.81,26.96,Credit Card
1384,2025-05-04,1144,2092,403,0,1446.63,9.27,Wiretransfer
1385,2025-05-04,1053,2073,403,2,1198.63,18.86,Credit Card
1387,2025-05-04,1086,2048,402,3,1072.89,10.47,Credit Card
1389,2025-05-04,1180,2040,401,2,110.53,4.16,Wiretransfer
1391,2025-05-04,1095,2057,403,1,786.56,4.56,Credit Card
1392,2025-05-04,1134,2038,402,0,926.51,23.08,PayPal
1394,2025-05-04,1113,2064,401,3,294.04,16.29,GiftCard
1395,2025-05-04,1128,2019,402,2,1494.29,13.31,Credit Card
1396,2025-05-04,1123,2093,403,2,3023.76,27.47,Credit Card
1397,2025-05-04,1036,2098,401,1,817.07,4.26,Wiretransfer
1398,2025-05-04,1052,2092,401,3,1928.84,0.17,Wiretransfer
1399,2025-05-04,1099,2091,401,0,905.79,1.44,Credit Card
1400,2025-05-04,1079,2005,401,2,1715.12,6.6,GiftCard
1401,2025-05-04,1119,2005,401,2,686.05,0.69,PayPal
1403,2025-05-04,1082,2025,402,2,223.7,20.73,PayPal
1404,2025-05-04,1070,2068,403,3,2460.72,14.74,GiftCard
1406,2025-05-04,1040,2035,401,0,899.99,16.66,Wiretransfer
1407,2025-05-04,1159,2071,401,1,1660.93,20.38,Credit Card
1410,2025-05-04,1043,2009,403,2,106.1,29.84,GiftCard
1411,2025-05-04,1138,2056,401,1,944.5,25.06,PayPal
1412,2025-05-04,1007,2060,401,0,816.76,11.58,PayPal
1413,2025-05-04,1098,2006,401,3,990.0,2.35,PayPal
1414,2025-05-04,1100,2022,404,2,1610.83,17.42,Wiretransfer
1415,2025-05-04,1079,2042,402,0,167.61,8.89,PayPal
1416,2025-05-04,1193,2097,404,1,2273.67,3.36,Credit Card
1417,2025-05-04,1023,2089,404,0,413.52,29.91,PayPal
1418,2025-05-04,1116,2039,404,3,3905.76,11.78,GiftCard
1419,2025-05-04,1059,2028,402,2,1531.06,22.51,GiftCard
1420,2025-05-04,1093,2050,402,2,298.85,10.21,GiftCard
1421,2025-05-04,1083,2058,404,0,2000.25,8.0,PayPal
1423,2025-05-04,1122,2059,402,2,1228.92,28.18,GiftCard
1424,2025-05-04,1196,2044,402,0,207.58,4.03,Credit Card
1425,2025-05-04,1103,2091,401,2,2173.9,19.06,Wiretransfer
1426,2025-05-04,1142,2083,401,2,1229.06,18.43,Credit Card
1427,2025-05-04,1136,2059,404,3,2560.25,28.34,Wiretransfer
1428,2025-05-04,1061,2079,402,1,2566.46,1.2,Wiretransfer
1429,2025-05-04,1123,2049,401,2,751.87,17.05,PayPal
1430,2025-05-04,1053,2088,404,3,709.35,15.83,PayPal
1431,2025-05-04,1145,2043,402,1,1572.21,3.68,Credit Card
1432,2025-05-04,1169,2085,401,3,1210.75,3.64,PayPal
1434,2025-05-04,1142,2012,404,1,1682.61,29.36,GiftCard
1435,2025-05-04,1078,2051,401,0,117.32,7.85,PayPal
1436,2025-05-04,1175,2076,404,2,1289.71,23.71,Wiretransfer
1437,2025-05-04,1126,2082,401,0,1066.4,17.98,PayPal
1438,2025-05-04,1055,2017,401,1,1669.32,12.26,PayPal
1439,2025-05-04,1169,2019,404,2,747.14,25.45,Credit Card
1440,2025-05-04,1099,2078,404,1,383.43,4.47,PayPal
1442,2025-05-04,1145,2086,403,3,2682.3,26.02,Credit Card
1443,2025-05-04,1183,2044,401,0,1037.9,14.53,Credit Card
1444,2025-05-04,1156,2065,404,1,423.31,18.69,PayPal
1445,2025-05-04,1075,2007,403,0,1166.78,12.28,PayPal
1446,2025-05-04,1000,2090,403,0,143.28,20.75,GiftCard
1448,2025-05-04,1179,2075,404,2,1873.54,28.15,Credit Card
1450,2025-05-04,1111,2069,402,1,836.6,21.66,Credit Card
1451,2025-05-04,1121,2017,402,3,2782.2,19.28,Wiretransfer
1452,2025-05-04,1092,2053,402,2,1464.36,16.42,Credit Card
1453,2025-05-04,1171,2016,402,0,646.04,2.45,Credit Card
1455,2025-05-04,1184,2062,404,1,1672.27,18.95,Credit Card
1456,2025-05-04,1021,2017,404,3,463.7,7.43,GiftCard
1458,2025-05-04,1116,2065,404,3,470.34,26.92,Credit Card
1459,2025-05-04,1098,2045,402,1,280.93,2.84,Credit Card
1461,2025-05-04,1187,2030,403,3,509.91,5.66,PayPal
1462,2025-05-04,1139,2073,403,0,499.43,26.01,Credit Card
1467,2025-05-04,1120,2080,401,2,665.81,2.14,GiftCard
1468,2025-05-04,1156,2006,403,0,198.0,3.95,Wiretransfer
1469,2025-05-04,1120,2058,404,2,1600.2,12.8,Credit Card
1470,2025-05-04,1107,2045,403,2,249.71,11.74,Credit Card
1472,2025-05-04,1015,2080,404,1,749.03,22.71,Wiretransfer
1473,2025-05-04,1146,2006,403,0,792.0,3.31,Wiretransfer
1474,2025-05-04,1073,2062,401,1,1114.85,5.45,PayPal
1476,2025-05-04,1033,2078,403,2,340.82,14.76,Credit Card
1477,2025-05-04,1065,2001,401,1,371.12,7.98,Wiretransfer
1478,2025-05-04,1151,2094,402,3,493.35,18.53,Wiretransfer
1480,2025-05-04,1124,2023,401,2,2254.9,8.33,Credit Card
1481,2025-05-04,1021,2018,402,3,542.26,20.09,Wiretransfer
1484,2025-05-04,1147,2093,403,0,2267.82,12.54,GiftCard
1485,2025-05-04,1164,2033,401,0,836.25,9.44,Credit Card
1486,2025-05-04,1042,2059,404,3,3072.3,20.23,Credit Card
1487,2025-05-04,1077,2060,402,3,1633.52,28.5,Wiretransfer
1488,2025-05-04,1174,2090,404,3,286.56,20.14,PayPal
1489,2025-05-04,1067,2018,404,0,2169.04,10.27,Wiretransfer
1490,2025-05-04,1073,2057,404,2,349.58,22.65,Wiretransfer
1491,2025-05-04,1135,2087,401,0,318.64,23.86,PayPal
1492,2025-05-04,1136,2081,403,3,2238.66,23.11,Wiretransfer
1493,2025-05-04,1156,2083,403,2,1229.06,12.87,PayPal
1494,2025-05-04,1069,2034,401,2,217.87,13.54,Wiretransfer
1495,2025-05-04,1167,2074,404,3,2638.0,5.58,PayPal
1496,2025-05-04,1197,2086,402,1,2414.07,28.64,PayPal
1497,2025-05-04,1133,2043,402,2,1397.52,9.48,Wiretransfer
1498,2025-05-04,1140,2001,401,0,1237.05,24.53,GiftCard
1499,2025-05-04,1003,2052,401,0,731.26,8.89,Wiretransfer
1500,2025-05-04,1175,2057,403,1,1179.85,11.31,GiftCard
1501,2025-05-04,1185,2036,403,1,980.91,16.52,GiftCard
1503,2025-05-04,1152,2084,402,0,281.85,3.94,GiftCard
1504,2025-05-04,1181,2015,401,1,1214.95,1.41,Credit Card
1506,2025-05-04,1178,2023,403,2,1503.26,21.44,PayPal
1508,2025-05-04,1070,2098,404,2,1452.58,19.16,PayPal
1509,2025-05-04,1065,2020,401,2,300.66,9.11,PayPal
1510,2025-05-04,1198,2007,404,3,2333.56,13.88,GiftCard
1511,2025-05-04,1085,2007,403,2,933.42,6.92,Credit Card
1512,2025-05-04,1045,2056,401,3,3148.32,28.8,GiftCard
1513,2025-05-04,1051,2078,404,1,383.43,11.29,Credit Card
1514,2025-05-04,1165,2062,401,1,557.42,11.25,GiftCard
1515,2025-05-04,1138,2098,404,1,817.07,4.03,Wiretransfer
1516,2025-05-04,1157,2082,401,3,1066.4,21.83,GiftCard
1519,2025-05-04,1004,2063,402,0,552.46,11.67,Credit Card
1520,2025-05-04,1009,2085,404,2,193.72,3.0,Wiretransfer
1521,2025-05-04,1038,2089,403,3,1240.56,18.3,Credit Card
1523,2025-05-04,1111,2051,401,1,211.18,15.89,Credit Card
1524,2025-05-04,1000,2049,404,0,5639.04,16.35,PayPal
1525,2025-05-04,1145,2068,403,2,656.19,29.56,Credit Card
1526,2025-05-04,1174,2038,404,0,1853.02,1.43,GiftCard
1527,2025-05-04,1161,2082,401,2,213.28,27.58,Credit Card
1528,2025-05-04,1136,2043,401,3,3493.8,11.0,PayPal
1529,2025-05-04,1194,2098,403,1,2451.22,13.63,Credit Card
1530,2025-05-04,1045,2070,401,3,102.54,18.51,PayPal
1531,2025-05-04,1169,2024,403,3,621.35,8.77,PayPal
1532,2025-05-04,1027,2080,403,3,2496.78,27.69,Wiretransfer
1533,2025-05-04,1021,2080,404,1,2247.1,9.49,GiftCard
1534,2025-05-04,1035,2004,402,0,1854.5,21.59,PayPal
1535,2025-05-04,1184,2075,402,3,2341.92,1.05,Wiretransfer
1536,2025-05-04,1099,2008,403,3,66.59,4.45,Wiretransfer
1537,2025-05-04,1136,2057,401,0,1310.94,24.02,PayPal
1538,2025-05-04,1086,2007,403,0,1750.17,0.1,GiftCard
1539,2025-05-04,1103,2015,402,3,2024.91,28.71,Credit Card
1541,2025-05-04,1018,2004,402,3,927.25,22.96,Credit Card
1543,2025-05-04,1062,2089,402,0,2067.6,1.26,PayPal
1544,2025-05-04,1044,2080,401,2,665.81,14.56,Wiretransfer
1545,2025-05-04,1024,2058,402,0,2000.25,13.43,GiftCard
1546,2025-05-04,1027,2014,404,1,443.34,19.33,PayPal
1547,2025-05-04,1016,2025,404,2,671.09,8.07,GiftCard
1548,2025-05-04,1188,2086,404,2,2861.12,19.5,PayPal
1549,2025-05-04,1030,2087,402,2,382.37,25.27,GiftCard
1550,2025-05-04,1054,2097,401,1,2273.67,22.56,Wiretransfer
1551,2025-05-04,1085,2008,401,2,106.54,7.71,Credit Card
1552,2025-05-04,1036,2096,404,1,1814.89,14.8,PayPal
1553,2025-05-04,1178,2047,402,3,1004.94,6.51,Credit Card
1554,2025-05-04,1062,2074,401,1,1187.1,13.17,Wiretransfer
1555,2025-05-04,1025,2080,404,1,3745.17,18.6,Wiretransfer
1556,2025-05-04,1004,2062,401,0,2477.44,3.35,PayPal
1557,2025-05-04,1001,2022,401,2,536.94,9.17,GiftCard
1558,2025-05-04,1106,2088,404,1,1276.83,17.34,PayPal
1559,2025-05-04,1052,2018,403,3,2169.04,19.5,Credit Card
1560,2025-05-04,1105,2030,402,0,339.94,5.02,Credit Card
1561,2025-05-04,1152,2023,404,0,1879.08,22.4,Wiretransfer
1563,2025-05-04,1001,2071,402,1,1660.93,0.77,PayPal
1564,2025-05-04,1030,2067,401,2,465.52,7.35,Credit Card
1565,2025-05-04,1194,2069,402,3,929.56,14.88,GiftCard
1566,2025-05-04,1197,2080,402,2,1331.62,24.87,Wiretransfer
1567,2025-05-04,1013,2024,401,1,335.53,27.35,GiftCard
1569,2025-05-04,1040,2085,401,0,484.3,29.9,PayPal
1570,2025-05-04,1165,2046,403,1,60.17,8.26,Credit Card
1571,2025-05-04,1111,2032,403,3,3782.4,13.44,Credit Card
1572,2025-05-04,1011,2013,401,1,1683.65,11.77,Credit Card
1573,2025-05-04,1040,2003,404,0,385.18,23.65,Credit Card
1574,2025-05-04,1018,2030,404,2,135.98,21.94,Credit Card
1575,2025-05-04,1107,2025,403,1,754.97,13.73,Credit Card
1578,2025-05-04,1096,2028,401,3,2551.76,21.9,Credit Card
1579,2025-05-04,1149,2062,401,3,1858.08,15.88,Wiretransfer
1580,2025-05-04,1037,2027,404,1,465.5,24.14,PayPal
1582,2025-05-04,1184,2024,403,2,198.83,20.08,Credit Card
1583,2025-05-04,1051,2042,402,0,167.61,15.08,GiftCard
1584,2025-05-04,1177,2072,401,2,672.48,8.88,PayPal
1585,2025-05-04,1034,2014,404,3,985.2,3.06,Wiretransfer
1586,2025-05-04,1107,2021,403,1,751.87,19.61,GiftCard
1587,2025-05-04,1075,2077,402,1,2528.24,20.58,Wiretransfer
1588,2025-05-04,1147,2070,402,0,34.18,7.76,PayPal
1589,2025-05-04,1105,2066,404,1,928.91,14.88,Credit Card
1590,2025-05-04,1151,2060,404,2,653.41,1.71,Wiretransfer
1591,2025-05-04,1003,2093,404,1,680.35,26.58,GiftCard
1592,2025-05-04,1063,2041,404,1,2171.37,4.89,Credit Card
1593,2025-05-04,1151,2019,401,3,933.93,22.0,PayPal
1594,2025-05-04,1011,2005,404,0,428.78,19.58,Wiretransfer
1595,2025-05-04,1108,2067,404,3,290.95,8.35,Credit Card
1596,2025-05-04,1178,2012,404,3,623.19,6.23,Credit Card
1597,2025-05-04,1061,2010,401,3,389.2,23.88,Wiretransfer
1599,2025-05-04,1061,2082,401,0,266.6,22.11,GiftCard
1600,2025-05-04,1122,2085,403,1,217.94,25.36,PayPal
1601,2025-05-04,1180,2058,401,3,666.75,18.01,PayPal
1602,2025-05-04,1118,2098,402,3,907.86,19.28,GiftCard
1603,2025-05-04,1047,2047,404,0,334.98,21.86,PayPal
1605,2025-05-04,1135,2004,403,3,3709.0,28.12,GiftCard
1607,2025-05-04,1158,2042,401,2,402.26,26.64,Wiretransfer
1608,2025-05-04,1013,2014,404,2,197.04,19.95,GiftCard
1609,2025-05-04,1119,2079,401,2,4562.59,29.21,Wiretransfer
1610,2025-05-04,1093,2022,401,1,604.06,6.35,Credit Card
1611,2025-05-04,1035,2042,402,0,335.22,14.49,PayPal
1612,2025-05-04,1166,2061,402,1,179.93,24.2,PayPal
1614,2025-05-04,1070,2006,401,2,633.6,23.67,GiftCard
1615,2025-05-04,1088,2057,404,0,436.98,15.61,Credit Card
1616,2025-05-04,1120,2090,403,3,214.92,5.67,PayPal
1617,2025-05-04,1158,2047,401,1,904.45,29.54,PayPal
1619,2025-05-04,1045,2036,401,0,217.98,17.2,Wiretransfer
1621,2025-05-04,1127,2019,402,0,933.93,12.2,PayPal
1622,2025-05-04,1075,2053,402,3,2440.6,20.91,Credit Card
1623,2025-05-04,1088,2053,404,0,610.15,27.43,Wiretransfer
1624,2025-05-04,1074,2024,401,0,248.54,6.0,PayPal
1625,2025-05-04,1059,2066,403,3,2064.24,20.41,PayPal
1626,2025-05-04,1148,2043,403,3,873.45,0.52,GiftCard
1627,2025-05-04,1151,2085,404,3,726.45,29.98,PayPal
1628,2025-05-04,1077,2072,402,2,1008.72,7.82,Wiretransfer
1629,2025-05-04,1043,2033,402,3,836.25,20.08,PayPal
1630,2025-05-04,1095,2036,401,1,392.36,20.29,PayPal
1631,2025-05-04,1090,2036,404,1,588.55,9.95,GiftCard
1632,2025-05-04,1158,2020,403,1,676.49,11.12,PayPal
1635,2025-05-04,1147,2016,404,2,516.83,25.17,Wiretransfer
1636,2025-05-04,1094,2023,402,0,1879.08,29.49,Credit Card
1638,2025-05-04,1095,2057,402,2,349.58,21.84,Credit Card
1640,2025-05-04,1196,2018,404,2,433.81,25.2,PayPal
1641,2025-05-04,1039,2000,403,2,775.45,9.39,PayPal
1642,2025-05-04,1121,2037,402,3,1080.42,22.9,PayPal
1643,2025-05-04,1086,2088,401,3,2837.4,0.93,GiftCard
1644,2025-05-04,1010,2017,401,2,1112.88,13.02,PayPal
1645,2025-05-04,1006,2051,402,3,351.96,2.1,Credit Card
1646,2025-05-04,1091,2011,403,0,819.48,11.05,PayPal
1647,2025-05-04,1155,2082,402,1,959.76,20.41,PayPal
1649,2025-05-04,1005,2010,404,0,233.52,6.86,GiftCard
1650,2025-05-04,1131,2050,402,3,747.12,19.39,PayPal
1651,2025-05-04,1081,2077,401,2,1797.86,11.35,PayPal
1652,2025-05-04,1101,2018,404,2,867.62,5.25,GiftCard
1653,2025-05-04,1098,2047,401,2,1071.94,2.25,GiftCard
1654,2025-05-04,1088,2044,403,3,830.32,4.47,Wiretransfer
1655,2025-05-04,1143,2011,402,3,1229.22,25.93,GiftCard
1656,2025-05-04,1189,2053,404,2,1464.36,0.4,Wiretransfer
1657,2025-05-04,1041,2093,404,3,2267.82,12.04,Wiretransfer
1658,2025-05-04,1035,2075,401,1,1405.15,27.38,GiftCard
1659,2025-05-04,1053,2038,404,2,2964.83,18.18,Credit Card
1660,2025-05-04,1016,2075,404,0,3122.56,21.23,PayPal
1661,2025-05-04,1001,2052,403,3,731.26,9.05,GiftCard
1662,2025-05-04,1044,2071,404,1,553.64,8.94,PayPal
1664,2025-05-04,1141,2062,401,2,1486.46,22.84,Credit Card
1665,2025-05-04,1149,2038,404,3,926.51,2.85,GiftCard
1666,2025-05-04,1057,2003,401,1,2079.97,21.81,GiftCard
1667,2025-05-04,1067,2038,404,0,926.51,14.13,PayPal
1668,2025-05-04,1167,2085,403,3,242.15,17.14,Wiretransfer
1669,2025-05-04,1045,2062,402,0,1858.08,21.01,Wiretransfer
1670,2025-05-04,1030,2097,403,3,3368.4,11.74,PayPal
1672,2025-05-04,1144,2055,403,3,161.82,24.38,Credit Card
1673,2025-05-04,1177,2015,403,0,674.97,0.54,Wiretransfer
1674,2025-05-04,1066,2020,401,1,1014.74,0.53,Credit Card
1675,2025-05-04,1081,2059,402,2,409.64,14.0,PayPal
1676,2025-05-04,1041,2006,403,2,475.2,17.99,PayPal
1677,2025-05-04,1107,2081,403,0,3731.1,18.84,Wiretransfer
1679,2025-05-04,1196,2080,402,0,832.26,6.17,PayPal
1680,2025-05-04,1153,2096,402,2,1075.49,1.85,GiftCard
1681,2025-05-04,1080,2087,403,2,127.46,13.87,Wiretransfer
1682,2025-05-04,1175,2089,403,0,2067.6,28.58,GiftCard
1683,2025-05-04,1136,2074,403,1,593.55,2.1,Credit Card
1684,2025-05-04,1003,2017,403,2,1112.88,21.17,GiftCard
1685,2025-05-04,1199,2062,404,2,990.98,11.38,GiftCard
1686,2025-05-04,1041,2013,402,1,1683.65,14.72,Credit Card
1688,2025-05-04,1106,2058,401,0,1333.5,6.49,Credit Card
1689,2025-05-04,1033,2002,404,2,1385.6,10.26,PayPal
1690,2025-05-04,1079,2088,403,1,2553.66,28.34,Credit Card
1692,2025-05-04,1181,2038,401,0,2779.53,18.41,Wiretransfer
1693,2025-05-04,1056,2016,402,1,872.15,22.61,GiftCard
1694,2025-05-04,1078,2016,402,1,872.15,18.01,GiftCard
1695,2025-05-04,1020,2054,401,0,1801.02,29.05,Credit Card
1697,2025-05-04,1010,2025,401,0,559.24,13.55,Wiretransfer
1698,2025-05-04,1168,2065,401,3,1411.02,13.58,Wiretransfer
1699,2025-05-04,1030,2032,401,0,945.6,28.24,PayPal
1702,2025-05-04,1047,2085,403,0,242.15,1.82,GiftCard
1704,2025-05-04,1090,2020,402,0,751.66,23.16,GiftCard
1705,2025-05-04,1025,2074,401,1,593.55,4.85,Wiretransfer
1706,2025-05-04,1183,2024,403,1,335.53,16.98,Credit Card
1707,2025-05-04,1193,2068,401,0,820.24,15.91,PayPal
1708,2025-05-04,1054,2064,404,2,235.23,6.32,PayPal
1709,2025-05-04,1178,2075,402,3,5464.48,24.19,GiftCard
1710,2025-05-04,1172,2013,402,2,2244.86,16.04,PayPal
1711,2025-05-04,1097,2054,402,1,810.46,24.05,Wiretransfer
1712,2025-05-04,1104,2014,403,0,246.3,11.24,Wiretransfer
1713,2025-05-04,1119,2014,402,3,1231.5,19.99,Credit Card
1714,2025-05-04,1195,2046,403,0,100.29,19.79,GiftCard
1717,2025-05-04,1175,2056,402,3,2098.88,17.48,GiftCard
1718,2025-05-04,1074,2054,402,0,2701.53,20.49,Wiretransfer
1719,2025-05-04,1121,2086,403,1,3218.76,8.77,GiftCard
1720,2025-05-04,1003,2086,404,0,1788.2,0.78,PayPal
1721,2025-05-04,1101,2056,401,0,524.72,4.8,PayPal
1722,2025-05-04,1036,2050,404,0,747.12,22.73,PayPal
1723,2025-05-04,1189,2021,401,2,1336.66,10.75,PayPal
1724,2025-05-04,1050,2043,402,3,873.45,4.1,PayPal
1725,2025-05-04,1031,2029,404,3,40.53,24.23,Credit Card
1726,2025-05-04,1071,2097,403,3,2526.3,22.22,Wiretransfer
1727,2025-05-04,1091,2060,404,3,1225.14,23.29,Credit Card
1728,2025-05-04,1130,2035,402,3,899.99,28.21,PayPal
1730,2025-05-04,1127,2029,402,0,40.53,5.22,Wiretransfer
1731,2025-05-04,1025,2094,401,0,1973.4,14.87,GiftCard
1732,2025-05-04,1127,2086,401,1,4828.14,11.01,GiftCard
1733,2025-05-04,1097,2077,403,1,2022.59,6.08,Credit Card
1734,2025-05-04,1077,2079,401,0,1901.08,9.59,Wiretransfer
1735,2025-05-04,1169,2096,404,3,672.18,10.19,GiftCard
1736,2025-05-04,1051,2037,404,3,1800.7,2.6,GiftCard
1737,2025-05-04,1129,2033,403,0,1672.5,17.3,Wiretransfer
1738,2025-05-04,1195,2004,404,0,2781.75,8.71,GiftCard
1739,2025-05-04,1098,2057,403,3,1310.94,4.35,Credit Card
1740,2025-05-04,1113,2058,401,0,2000.25,1.35,PayPal
1742,2025-05-04,1125,2055,402,2,86.3,4.78,Wiretransfer
1743,2025-05-04,1183,2049,404,0,1879.68,4.33,PayPal
1744,2025-05-04,1145,2086,404,3,2682.3,2.83,Credit Card
1745,2025-05-04,1121,2071,402,0,1845.48,3.02,Credit Card
1746,2025-05-04,1100,2033,404,3,2508.75,18.13,PayPal
1747,2025-05-04,1157,2086,403,2,1430.56,1.11,Credit Card
1748,2025-05-04,1082,2007,401,0,1750.17,22.88,Credit Card
1749,2025-05-04,1032,2046,403,0,167.15,8.05,PayPal
1750,2025-05-04,1195,2080,403,3,3329.04,17.3,Wiretransfer
1752,2025-05-04,1105,2044,401,1,373.64,16.18,PayPal
1753,2025-05-04,1063,2030,403,0,509.91,22.52,Credit Card
1754,2025-05-04,1176,2008,403,0,133.18,13.11,PayPal
1755,2025-05-04,1086,2021,401,2,2004.98,28.26,Wiretransfer
1756,2025-05-04,1009,2058,404,3,2000.25,1.92,Credit Card
1758,2025-05-04,1081,2048,404,2,572.21,2.07,Wiretransfer
1759,2025-05-04,1146,2012,404,0,623.19,17.8,PayPal
1760,2025-05-04,1176,2086,402,2,1430.56,29.61,PayPal
1761,2025-05-04,1127,2064,403,1,529.27,24.98,Credit Card
1762,2025-05-04,1157,2038,403,3,4632.55,28.99,PayPal
1764,2025-05-04,1073,2033,401,2,1338.0,7.23,PayPal
1767,2025-05-04,1069,2008,404,3,66.59,26.2,Wiretransfer
1768,2025-05-04,1053,2044,401,2,332.13,9.0,Wiretransfer
1770,2025-05-04,1051,2053,404,2,488.12,8.72,Credit Card
1771,2025-05-04,1159,2065,404,1,1693.22,25.63,PayPal
1772,2025-05-04,1004,2080,402,3,3329.04,29.4,PayPal
1774,2025-05-04,1163,2068,404,0,1640.48,28.46,Credit Card
1776,2025-05-04,1037,2030,402,2,271.95,21.34,Credit Card
1777,2025-05-04,1111,2052,403,0,731.26,18.99,Credit Card
1778,2025-05-04,1162,2026,404,2,169.25,9.94,Credit Card
1779,2025-05-04,1073,2082,402,2,213.28,17.13,PayPal
1780,2025-05-04,1175,2076,402,3,806.07,5.97,PayPal
1781,2025-05-04,1061,2014,402,1,665.01,5.72,Wiretransfer
1782,2025-05-04,1007,2031,403,3,1695.9,8.69,GiftCard
1783,2025-05-04,1124,2071,404,3,1845.48,13.25,Wiretransfer
1784,2025-05-04,1165,2004,402,1,1669.05,9.09,GiftCard
1786,2025-05-04,1071,2084,402,0,281.85,25.03,GiftCard
1787,2025-05-04,1184,2062,401,0,2477.44,2.6,GiftCard
1788,2025-05-04,1021,2040,403,0,69.08,11.27,GiftCard
1789,2025-05-04,1104,2046,401,3,167.15,13.07,Credit Card
1790,2025-05-04,1185,2017,402,0,1854.8,3.21,Wiretransfer
1791,2025-05-04,1146,2094,401,2,789.36,21.72,PayPal
1792,2025-05-04,1127,2011,402,0,409.74,6.05,Credit Card
1794,2025-05-04,1191,2095,402,3,1963.16,17.55,Wiretransfer
1795,2025-05-04,1055,2018,401,1,488.03,25.58,GiftCard
1796,2025-05-04,1054,2035,404,3,899.99,7.82,Credit Card
1797,2025-05-04,1065,2075,401,3,3903.2,20.08,Credit Card
1798,2025-05-04,1136,2047,401,2,267.98,1.96,GiftCard
1799,2025-05-04,1139,2054,404,1,3241.84,18.1,Credit Card
1801,2025-05-04,1183,2047,403,0,1004.94,27.04,Credit Card
1802,2025-05-04,1165,2077,401,0,1685.49,27.08,PayPal
1803,2025-05-04,1176,2085,402,2,581.16,5.74,GiftCard
1804,2025-05-04,1141,2049,403,2,1503.74,27.36,GiftCard
1805,2025-05-04,1175,2015,402,3,674.97,9.9,GiftCard
1807,2025-05-04,1077,2011,402,2,655.58,23.82,GiftCard
1808,2025-05-04,1053,2020,404,2,601.33,2.07,Wiretransfer
1809,2025-05-04,1196,2082,404,0,533.2,5.53,Credit Card
1810,2025-05-04,1070,2010,404,3,311.36,0.71,PayPal
1811,2025-05-04,1188,2052,403,3,2925.04,0.72,Credit Card
1812,2025-05-04,1025,2020,403,0,375.83,14.97,Wiretransfer
1813,2025-05-04,1090,2053,403,3,1830.45,5.93,GiftCard
1814,2025-05-04,1177,2003,401,1,346.66,22.92,Wiretransfer
1815,2025-05-04,1161,2056,402,0,1049.44,6.86,Wiretransfer
1817,2025-05-04,1147,2010,401,1,70.06,14.23,Wiretransfer
1818,2025-05-04,1063,2066,402,3,516.06,2.6,GiftCard
1819,2025-05-04,1081,2057,404,1,786.56,16.43,GiftCard
1820,2025-05-04,1066,2022,403,2,536.94,25.42,Wiretransfer
1821,2025-05-04,1050,2010,404,2,62.27,14.4,Credit Card
1822,2025-05-04,1046,2050,404,1,336.2,5.84,PayPal
1823,2025-05-04,1005,2002,402,0,3464.0,29.19,Credit Card
1825,2025-05-04,1012,2051,404,2,93.86,9.54,Credit Card
1826,2025-05-04,1038,2011,403,1,1475.06,19.44,GiftCard
1827,2025-05-04,1145,2015,401,3,2024.91,6.11,PayPal
1829,2025-05-04,1057,2091,402,1,815.21,14.12,GiftCard
1831,2025-05-04,1097,2016,404,1,290.72,24.79,GiftCard
1832,2025-05-04,1153,2027,403,1,698.25,21.28,PayPal
1833,2025-05-04,1107,2023,404,1,2536.76,7.65,GiftCard
1834,2025-05-04,1007,2037,403,1,648.25,21.0,PayPal
1835,2025-05-04,1158,2057,402,2,699.17,6.73,PayPal
1836,2025-05-04,1149,2087,404,0,637.28,7.24,PayPal
1837,2025-05-04,1002,2060,402,2,326.7,26.95,PayPal
1838,2025-05-04,1177,2050,402,3,186.78,0.12,Wiretransfer
1839,2025-05-04,1181,2054,403,0,1801.02,1.84,Wiretransfer
1840,2025-05-04,1024,2071,401,0,615.16,22.07,GiftCard
1841,2025-05-04,1085,2030,404,2,407.93,2.34,Credit Card
1842,2025-05-04,1155,2085,401,0,726.45,24.31,Credit Card
1843,2025-05-04,1064,2064,404,2,940.93,0.48,PayPal
1844,2025-05-04,1101,2085,403,1,217.94,20.77,GiftCard
1845,2025-05-04,1143,2005,402,2,343.02,16.16,GiftCard
1846,2025-05-04,1043,2064,404,2,235.23,4.53,PayPal
1847,2025-05-04,1119,2016,401,2,258.42,10.64,Wiretransfer
1848,2025-05-04,1181,2067,404,1,523.71,6.17,Credit Card
1850,2025-05-04,1032,2063,403,2,441.97,21.88,PayPal
1851,2025-05-04,1110,2036,403,2,348.77,21.54,Credit Card
1855,2025-05-04,1048,2019,401,1,840.54,0.65,Credit Card
1856,2025-05-04,1046,2004,404,2,741.8,22.35,PayPal
1857,2025-05-04,1041,2090,404,3,358.2,15.39,GiftCard
1858,2025-05-04,1029,2063,401,3,1657.38,15.72,Wiretransfer
1859,2025-05-04,1091,2090,404,3,214.92,1.13,PayPal
1860,2025-05-04,1126,2014,402,0,492.6,24.85,GiftCard
1861,2025-05-04,1089,2011,402,2,1638.96,12.51,Wiretransfer
1862,2025-05-04,1046,2021,403,1,2255.61,25.96,GiftCard
1863,2025-05-04,1149,2000,402,3,4846.55,8.45,Wiretransfer
1864,2025-05-04,1019,2031,404,0,1695.9,2.56,Credit Card
1866,2025-05-04,1100,2047,401,2,803.95,28.64,GiftCard
1867,2025-05-04,1039,2003,401,3,1155.54,26.68,GiftCard
1869,2025-05-04,1160,2034,401,2,326.81,2.48,GiftCard
1871,2025-05-04,1187,2093,402,1,680.35,20.43,Wiretransfer
1872,2025-05-04,1012,2082,403,2,853.12,1.09,Wiretransfer
1874,2025-05-04,1023,2051,403,1,211.18,11.63,Wiretransfer
1875,2025-05-04,1061,2098,404,0,2723.58,21.25,GiftCard
1876,2025-05-04,1005,2026,402,3,211.56,22.8,Wiretransfer
1878,2025-05-04,1030,2038,404,3,3706.04,3.41,GiftCard
1879,2025-05-04,1188,2039,402,2,1562.3,26.36,GiftCard
1880,2025-05-04,1170,2012,403,1,560.87,20.94,Credit Card
1881,2025-05-04,1125,2057,404,3,1310.94,0.46,Credit Card
1882,2025-05-04,1068,2072,404,0,420.3,24.75,Wiretransfer
1884,2025-05-04,1111,2080,404,0,1664.52,0.78,PayPal
1886,2025-05-04,1173,2028,402,3,2551.76,23.94,PayPal
1887,2025-05-04,1134,2080,401,2,1331.62,24.37,GiftCard
1888,2025-05-04,1119,2055,401,3,269.7,16.28,Wiretransfer
1889,2025-05-04,1076,2019,402,2,747.14,12.73,Credit Card
1892,2025-05-04,1131,2013,404,3,4676.8,23.96,PayPal
1894,2025-05-04,1065,2074,401,0,3297.5,29.71,GiftCard
1896,2025-05-04,1046,2050,401,0,560.34,2.91,Wiretransfer
1897,2025-05-04,1106,2090,403,2,114.62,23.45,PayPal
1898,2025-05-04,1150,2092,404,3,482.21,2.82,PayPal
1899,2025-05-04,1159,2033,403,1,752.62,29.07,Wiretransfer
1900,2025-05-04,1054,2023,401,2,751.63,25.92,GiftCard
1901,2025-05-04,1172,2013,404,0,1870.72,29.3,PayPal
1902,2025-05-04,1001,2050,401,0,560.34,14.97,Wiretransfer
1903,2025-05-04,1043,2083,404,3,2304.48,16.54,GiftCard
1904,2025-05-04,1177,2051,404,2,281.57,29.18,PayPal
1905,2025-05-04,1158,2078,403,3,568.04,17.55,GiftCard
1906,2025-05-04,1077,2011,402,1,368.77,2.54,Wiretransfer
1908,2025-05-04,1178,2024,401,1,223.69,18.64,PayPal
1909,2025-05-04,1123,2083,402,1,1382.69,17.93,Credit Card
1910,2025-05-04,1111,2080,402,0,3329.04,7.13,GiftCard
1911,2025-05-04,1077,2098,404,1,817.07,6.75,Wiretransfer
1913,2025-05-04,1042,2019,404,3,933.93,9.87,Wiretransfer
1914,2025-05-04,1120,2002,404,1,1558.8,1.12,Credit Card
1916,2025-05-04,1085,2001,401,3,412.35,26.33,GiftCard
1918,2025-05-04,1124,2051,404,3,351.96,25.51,Wiretransfer
1919,2025-05-04,1059,2091,401,0,1811.58,17.81,GiftCard
1920,2025-05-04,1108,2073,403,0,1498.29,22.83,Credit Card
1922,2025-05-04,1029,2063,403,3,3314.76,26.62,Credit Card
1923,2025-05-04,1178,2055,401,1,242.73,1.78,Credit Card
1924,2025-05-04,1073,2092,402,3,482.21,4.02,GiftCard
1925,2025-05-04,1088,2056,402,1,1888.99,10.33,PayPal
1926,2025-05-04,1150,2087,403,3,477.96,17.41,PayPal
1927,2025-05-04,1033,2037,404,3,1440.56,2.58,Wiretransfer
1928,2025-05-04,1172,2083,403,3,2304.48,0.87,PayPal
1929,2025-05-04,1041,2079,402,2,2281.3,6.8,PayPal
1931,2025-05-04,1033,2022,402,1,1208.12,16.93,GiftCard
1932,2025-05-04,1155,2062,401,3,1858.08,4.55,GiftCard
1933,2025-05-04,1126,2038,402,1,1667.72,18.15,Credit Card
1935,2025-05-04,1066,2045,402,1,1123.7,1.62,GiftCard
1936,2025-05-04,1128,2004,401,2,2967.2,14.05,Credit Card
1937,2025-05-04,1110,2014,402,0,246.3,28.24,Wiretransfer
1938,2025-05-04,1143,2028,404,2,1531.06,25.19,Wiretransfer
1940,2025-05-04,1038,2088,401,0,1418.7,10.99,GiftCard
1942,2025-05-04,1005,2078,401,0,426.03,3.27,Wiretransfer
1943,2025-05-04,1129,2013,402,0,1870.72,2.44,GiftCard
1947,2025-05-04,1035,2015,402,3,3374.85,4.08,Wiretransfer
1948,2025-05-04,1106,2098,401,1,1634.15,1.08,Wiretransfer
1949,2025-05-04,1121,2043,403,1,1572.21,4.19,GiftCard
1951,2025-05-04,1092,2080,402,1,3745.17,5.39,GiftCard
1952,2025-05-04,1192,2096,404,1,1814.89,8.5,Wiretransfer
1955,2025-05-04,1113,2018,401,0,1084.52,21.42,Wiretransfer
1956,2025-05-04,1021,2043,403,3,2620.35,27.23,Credit Card
1957,2025-05-04,1197,2021,404,0,1670.82,25.3,Wiretransfer
1958,2025-05-04,1100,2097,401,1,2273.67,12.11,Credit Card
1961,2025-05-04,1088,2001,403,1,1113.34,25.56,Wiretransfer
1962,2025-05-04,1179,2051,404,1,211.18,29.5,Wiretransfer
1963,2025-05-04,1139,2079,404,2,2281.3,29.95,Credit Card
1964,2025-05-04,1005,2083,404,1,691.34,21.27,Wiretransfer
1965,2025-05-04,1077,2010,401,2,186.82,19.93,GiftCard
1966,2025-05-04,1099,2092,402,2,1157.3,29.6,PayPal
1967,2025-05-04,1054,2011,403,2,327.79,11.13,Wiretransfer
1968,2025-05-04,1193,2081,402,0,2238.66,24.79,Credit Card
1969,2025-05-04,1007,2069,403,1,836.6,6.53,GiftCard
1970,2025-05-04,1198,2038,404,0,1853.02,0.79,Credit Card
1971,2025-05-04,1187,2007,403,2,466.71,27.86,PayPal
1973,2025-05-04,1012,2096,401,3,672.18,7.19,Credit Card
1974,2025-05-04,1076,2073,401,3,499.43,6.75,Wiretransfer
1975,2025-05-04,1086,2030,402,2,407.93,29.69,GiftCard
1976,2025-05-04,1076,2036,402,3,217.98,24.49,Credit Card
1977,2025-05-04,1133,2094,402,0,1973.4,16.15,Wiretransfer
1978,2025-05-04,1083,2066,402,2,1238.54,9.55,GiftCard
1980,2025-05-04,1105,2010,401,0,155.68,26.17,GiftCard
1981,2025-05-04,1108,2016,404,1,872.15,4.29,Wiretransfer
1982,2025-05-04,1114,2009,403,3,198.93,5.84,GiftCard
1983,2025-05-04,1150,2071,404,2,492.13,29.88,GiftCard
1984,2025-05-04,1149,2063,404,3,2762.3,22.14,GiftCard
1985,2025-05-04,1176,2062,404,1,557.42,21.22,GiftCard
1986,2025-05-04,1036,2064,402,3,294.04,29.19,PayPal
1988,2025-05-04,1177,2027,404,3,1034.44,5.94,Credit Card
1990,2025-05-04,1030,2077,404,0,1123.66,4.26,PayPal
1991,2025-05-04,1030,2047,403,0,334.98,27.64,GiftCard
1992,2025-05-04,1133,2019,401,2,747.14,10.0,Credit Card
1993,2025-05-04,1078,2047,403,2,535.97,19.74,Wiretransfer
1994,2025-05-04,1124,2003,402,1,1386.65,7.65,Credit Card
1995,2025-05-04,1005,2075,404,0,3122.56,25.83,Credit Card
1996,2025-05-04,1078,2036,402,1,588.55,6.62,Credit Card
1997,2025-05-04,1189,2062,401,0,2477.44,8.33,GiftCard
1998,2025-05-04,1140,2044,401,0,207.58,17.15,Wiretransfer
1999,2025-05-04,1106,2061,403,3,599.76,8.22,GiftCard
2000,2025-05-04,1086,2048,404,1,321.87,11.2,GiftCard
6,2025-05-04,1089,2028,401,0,1275.88,9.41,Wiretransfer
